Time Date,Product,Store,Value
1012018,tabouret,QLD_CW_ST0203,2926.0
2012018,tabouret,QLD_CW_ST0203,2687.531
3012018,tabouret,QLD_CW_ST0203,2793.0
4012018,tabouret,QLD_CW_ST0203,2394.0
5012018,tabouret,QLD_CW_ST0203,2660.0
6012018,tabouret,QLD_CW_ST0203,2527.0
7012018,tabouret,QLD_CW_ST0203,2527.0
8012018,tabouret,QLD_CW_ST0203,2793.0
9012018,tabouret,QLD_CW_ST0203,2793.0
10012018,tabouret,QLD_CW_ST0203,2793.0
11012018,tabouret,QLD_CW_ST0203,2926.0
12012018,tabouret,QLD_CW_ST0203,2793.0
13012018,tabouret,QLD_CW_ST0203,2869.8208
14012018,tabouret,QLD_CW_ST0203,3325.0
15012018,tabouret,QLD_CW_ST0203,2261.0
16012018,tabouret,QLD_CW_ST0203,2261.0
17012018,tabouret,QLD_CW_ST0203,2253.685
18012018,tabouret,QLD_CW_ST0203,2394.0
19012018,tabouret,QLD_CW_ST0203,2394.0
20012018,tabouret,QLD_CW_ST0203,2394.0
21012018,tabouret,QLD_CW_ST0203,2527.0
22012018,tabouret,QLD_CW_ST0203,2793.0
23012018,tabouret,QLD_CW_ST0203,2660.0
24012018,tabouret,QLD_CW_ST0203,2547.1362
25012018,tabouret,QLD_CW_ST0203,2926.0
26012018,tabouret,QLD_CW_ST0203,2926.0
27012018,tabouret,QLD_CW_ST0203,3059.0
28012018,tabouret,QLD_CW_ST0203,2853.1027
29012018,tabouret,QLD_CW_ST0203,2793.0
30012018,tabouret,QLD_CW_ST0203,2793.0
31012018,tabouret,QLD_CW_ST0203,2816.4745
1022018,tabouret,QLD_CW_ST0203,2231.1548
2022018,tabouret,QLD_CW_ST0203,5212.004
3022018,tabouret,QLD_CW_ST0203,5032.853
4022018,tabouret,QLD_CW_ST0203,2253.685
5022018,tabouret,QLD_CW_ST0203,2261.0
6022018,tabouret,QLD_CW_ST0203,2261.0
7022018,tabouret,QLD_CW_ST0203,2253.685
8022018,tabouret,QLD_CW_ST0203,2253.685
9022018,tabouret,QLD_CW_ST0203,2394.0
10022018,tabouret,QLD_CW_ST0203,2527.0
11022018,tabouret,QLD_CW_ST0203,2380.1148
12022018,tabouret,QLD_CW_ST0203,2660.0
13022018,tabouret,QLD_CW_ST0203,2380.1148
14022018,tabouret,QLD_CW_ST0203,2793.0
15022018,tabouret,QLD_CW_ST0203,3059.0
16022018,tabouret,QLD_CW_ST0203,3040.0076
17022018,tabouret,QLD_CW_ST0203,2926.0
18022018,tabouret,QLD_CW_ST0203,2926.0
19022018,tabouret,QLD_CW_ST0203,2660.0
20022018,tabouret,QLD_CW_ST0203,2793.0
21022018,tabouret,QLD_CW_ST0203,2510.7208
22022018,tabouret,QLD_CW_ST0203,5105.0587
23022018,tabouret,QLD_CW_ST0203,3667.6346
24022018,tabouret,QLD_CW_ST0203,2300.0488
25022018,tabouret,QLD_CW_ST0203,2775.3642
26022018,tabouret,QLD_CW_ST0203,2582.062
27022018,tabouret,QLD_CW_ST0203,2527.0
28022018,tabouret,QLD_CW_ST0203,2394.0
1032018,tabouret,QLD_CW_ST0203,2793.0
2032018,tabouret,QLD_CW_ST0203,2793.0
3032018,tabouret,QLD_CW_ST0203,2793.0
4032018,tabouret,QLD_CW_ST0203,3021.0152
5032018,tabouret,QLD_CW_ST0203,4752.09
6032018,tabouret,QLD_CW_ST0203,2082.514
7032018,tabouret,QLD_CW_ST0203,2042.8135
8032018,tabouret,QLD_CW_ST0203,2201.6022
9032018,tabouret,QLD_CW_ST0203,2246.0774
10032018,tabouret,QLD_CW_ST0203,2171.757
11032018,tabouret,QLD_CW_ST0203,2042.8135
12032018,tabouret,QLD_CW_ST0203,2261.0
13032018,tabouret,QLD_CW_ST0203,2231.1548
14032018,tabouret,QLD_CW_ST0203,2386.3525
15032018,tabouret,QLD_CW_ST0203,2394.0
16032018,tabouret,QLD_CW_ST0203,2394.0
17032018,tabouret,QLD_CW_ST0203,2527.0
18032018,tabouret,QLD_CW_ST0203,2527.0
19032018,tabouret,QLD_CW_ST0203,2660.0
20032018,tabouret,QLD_CW_ST0203,2660.0
21032018,tabouret,QLD_CW_ST0203,5042.961
22032018,tabouret,QLD_CW_ST0203,2176.5051
23032018,tabouret,QLD_CW_ST0203,2331.9023
24032018,tabouret,QLD_CW_ST0203,2527.0
25032018,tabouret,QLD_CW_ST0203,2261.0
26032018,tabouret,QLD_CW_ST0203,2519.02
27032018,tabouret,QLD_CW_ST0203,4927.5968
28032018,tabouret,QLD_CW_ST0203,2784.355
29032018,tabouret,QLD_CW_ST0203,2394.0
30032018,tabouret,QLD_CW_ST0203,2527.0
31032018,tabouret,QLD_CW_ST0203,2527.0
1042018,tabouret,QLD_CW_ST0203,2331.9023
2042018,tabouret,QLD_CW_ST0203,2527.0
3042018,tabouret,QLD_CW_ST0203,2378.3991
4042018,tabouret,QLD_CW_ST0203,2142.2044
5042018,tabouret,QLD_CW_ST0203,2201.6022
6042018,tabouret,QLD_CW_ST0203,2231.1548
7042018,tabouret,QLD_CW_ST0203,2253.685
8042018,tabouret,QLD_CW_ST0203,2261.0
9042018,tabouret,QLD_CW_ST0203,2261.0
10042018,tabouret,QLD_CW_ST0203,2238.7624
11042018,tabouret,QLD_CW_ST0203,2261.0
12042018,tabouret,QLD_CW_ST0203,2394.0
13042018,tabouret,QLD_CW_ST0203,2261.0
14042018,tabouret,QLD_CW_ST0203,2253.685
15042018,tabouret,QLD_CW_ST0203,2394.0
16042018,tabouret,QLD_CW_ST0203,2261.0
17042018,tabouret,QLD_CW_ST0203,2261.0
18042018,tabouret,QLD_CW_ST0203,5204.7023
19042018,tabouret,QLD_CW_ST0203,2128.0
20042018,tabouret,QLD_CW_ST0203,2171.757
21042018,tabouret,QLD_CW_ST0203,2128.0
22042018,tabouret,QLD_CW_ST0203,2128.0
23042018,tabouret,QLD_CW_ST0203,2128.0
24042018,tabouret,QLD_CW_ST0203,2128.0
25042018,tabouret,QLD_CW_ST0203,2128.0
26042018,tabouret,QLD_CW_ST0203,2261.0
27042018,tabouret,QLD_CW_ST0203,2261.0
28042018,tabouret,QLD_CW_ST0203,5187.0
29042018,tabouret,QLD_CW_ST0203,5187.0
30042018,tabouret,QLD_CW_ST0203,5187.0
1052018,tabouret,QLD_CW_ST0203,5306.434
2052018,tabouret,QLD_CW_ST0203,2121.0175
3052018,tabouret,QLD_CW_ST0203,5320.0
4052018,tabouret,QLD_CW_ST0203,2128.0
5052018,tabouret,QLD_CW_ST0203,2128.0
6052018,tabouret,QLD_CW_ST0203,5320.0
7052018,tabouret,QLD_CW_ST0203,5110.658
8052018,tabouret,QLD_CW_ST0203,5238.87
9052018,tabouret,QLD_CW_ST0203,2261.0
10052018,tabouret,QLD_CW_ST0203,5187.0
11052018,tabouret,QLD_CW_ST0203,5054.0
12052018,tabouret,QLD_CW_ST0203,4921.0
13052018,tabouret,QLD_CW_ST0203,4788.0
14052018,tabouret,QLD_CW_ST0203,4921.0
15052018,tabouret,QLD_CW_ST0203,4921.0
16052018,tabouret,QLD_CW_ST0203,4921.0
17052018,tabouret,QLD_CW_ST0203,4921.0
18052018,tabouret,QLD_CW_ST0203,5054.0
19052018,tabouret,QLD_CW_ST0203,4921.0
20052018,tabouret,QLD_CW_ST0203,5054.0
21052018,tabouret,QLD_CW_ST0203,4788.0
22052018,tabouret,QLD_CW_ST0203,4788.0
23052018,tabouret,QLD_CW_ST0203,4921.0
24052018,tabouret,QLD_CW_ST0203,5054.0
25052018,tabouret,QLD_CW_ST0203,5054.0
26052018,tabouret,QLD_CW_ST0203,5054.0
27052018,tabouret,QLD_CW_ST0203,5005.4018
28052018,tabouret,QLD_CW_ST0203,4783.079
29052018,tabouret,QLD_CW_ST0203,5054.0
30052018,tabouret,QLD_CW_ST0203,5048.015
31052018,tabouret,QLD_CW_ST0203,4522.0
1062018,tabouret,QLD_CW_ST0203,4522.0
2062018,tabouret,QLD_CW_ST0203,4522.0
3062018,tabouret,QLD_CW_ST0203,4921.0
4062018,tabouret,QLD_CW_ST0203,4788.0
5062018,tabouret,QLD_CW_ST0203,4788.0
6062018,tabouret,QLD_CW_ST0203,4788.0
7062018,tabouret,QLD_CW_ST0203,4743.0593
8062018,tabouret,QLD_CW_ST0203,4897.9378
9062018,tabouret,QLD_CW_ST0203,5054.0
10062018,tabouret,QLD_CW_ST0203,4915.3475
11062018,tabouret,QLD_CW_ST0203,4788.0
12062018,tabouret,QLD_CW_ST0203,4522.0
13062018,tabouret,QLD_CW_ST0203,4921.0
14062018,tabouret,QLD_CW_ST0203,5054.0
15062018,tabouret,QLD_CW_ST0203,4921.0
16062018,tabouret,QLD_CW_ST0203,4522.0
17062018,tabouret,QLD_CW_ST0203,4522.0
18062018,tabouret,QLD_CW_ST0203,4389.0
19062018,tabouret,QLD_CW_ST0203,4389.0
20062018,tabouret,QLD_CW_ST0203,4380.1821
21062018,tabouret,QLD_CW_ST0203,4517.345
22062018,tabouret,QLD_CW_ST0203,4788.0
23062018,tabouret,QLD_CW_ST0203,4522.0
24062018,tabouret,QLD_CW_ST0203,4522.0
25062018,tabouret,QLD_CW_ST0203,4788.0
26062018,tabouret,QLD_CW_ST0203,4909.4689
27062018,tabouret,QLD_CW_ST0203,4723.096
28062018,tabouret,QLD_CW_ST0203,4921.0
29062018,tabouret,QLD_CW_ST0203,4389.0
30062018,tabouret,QLD_CW_ST0203,4788.0
1072018,tabouret,QLD_CW_ST0203,5048.015
2072018,tabouret,QLD_CW_ST0203,5048.015
3072018,tabouret,QLD_CW_ST0203,4921.0
4072018,tabouret,QLD_CW_ST0203,5054.0
5072018,tabouret,QLD_CW_ST0203,4980.983
6072018,tabouret,QLD_CW_ST0203,5266.002
7072018,tabouret,QLD_CW_ST0203,5705.7
8072018,tabouret,QLD_CW_ST0203,4974.2
9072018,tabouret,QLD_CW_ST0203,4681.6
10072018,tabouret,QLD_CW_ST0203,4974.2
11072018,tabouret,QLD_CW_ST0203,4512.5038
12072018,tabouret,QLD_CW_ST0203,4915.3475
13072018,tabouret,QLD_CW_ST0203,4522.0
14072018,tabouret,QLD_CW_ST0203,4256.0
15072018,tabouret,QLD_CW_ST0203,4256.0
16072018,tabouret,QLD_CW_ST0203,4522.0
17072018,tabouret,QLD_CW_ST0203,4389.0
18072018,tabouret,QLD_CW_ST0203,4384.6775
19072018,tabouret,QLD_CW_ST0203,4256.0
20072018,tabouret,QLD_CW_ST0203,4788.0
21072018,tabouret,QLD_CW_ST0203,4256.0
22072018,tabouret,QLD_CW_ST0203,4389.0
23072018,tabouret,QLD_CW_ST0203,4522.0
24072018,tabouret,QLD_CW_ST0203,4522.0
25072018,tabouret,QLD_CW_ST0203,4655.0
26072018,tabouret,QLD_CW_ST0203,5187.0
27072018,tabouret,QLD_CW_ST0203,4788.0
28072018,tabouret,QLD_CW_ST0203,4921.0
29072018,tabouret,QLD_CW_ST0203,4875.1017
30072018,tabouret,QLD_CW_ST0203,5048.015
31072018,tabouret,QLD_CW_ST0203,4522.0
1082018,tabouret,QLD_CW_ST0203,5047.35
2082018,tabouret,QLD_CW_ST0203,4522.0
3082018,tabouret,QLD_CW_ST0203,4788.0
4082018,tabouret,QLD_CW_ST0203,4921.0
5082018,tabouret,QLD_CW_ST0203,4788.0
6082018,tabouret,QLD_CW_ST0203,5054.0
7082018,tabouret,QLD_CW_ST0203,4921.0
8082018,tabouret,QLD_CW_ST0203,4389.0
9082018,tabouret,QLD_CW_ST0203,4389.0
10082018,tabouret,QLD_CW_ST0203,4522.0
11082018,tabouret,QLD_CW_ST0203,4921.0
12082018,tabouret,QLD_CW_ST0203,5054.0
13082018,tabouret,QLD_CW_ST0203,4389.0
14082018,tabouret,QLD_CW_ST0203,4389.0
15082018,tabouret,QLD_CW_ST0203,4512.5038
16082018,tabouret,QLD_CW_ST0203,4921.0
17082018,tabouret,QLD_CW_ST0203,4921.0
18082018,tabouret,QLD_CW_ST0203,4788.0
19082018,tabouret,QLD_CW_ST0203,4788.0
20082018,tabouret,QLD_CW_ST0203,4655.0
21082018,tabouret,QLD_CW_ST0203,4389.0
22082018,tabouret,QLD_CW_ST0203,4788.0
23082018,tabouret,QLD_CW_ST0203,4522.0
24082018,tabouret,QLD_CW_ST0203,4788.0
25082018,tabouret,QLD_CW_ST0203,4921.0
26082018,tabouret,QLD_CW_ST0203,4620.5264
27082018,tabouret,QLD_CW_ST0203,4921.0
28082018,tabouret,QLD_CW_ST0203,4788.0
29082018,tabouret,QLD_CW_ST0203,4788.0
30082018,tabouret,QLD_CW_ST0203,4522.0
31082018,tabouret,QLD_CW_ST0203,4788.0
1092018,tabouret,QLD_CW_ST0203,5320.0
2092018,tabouret,QLD_CW_ST0203,4921.0
3092018,tabouret,QLD_CW_ST0203,4788.0
4092018,tabouret,QLD_CW_ST0203,4620.5264
5092018,tabouret,QLD_CW_ST0203,4788.0
6092018,tabouret,QLD_CW_ST0203,4788.0
7092018,tabouret,QLD_CW_ST0203,5054.0
8092018,tabouret,QLD_CW_ST0203,5212.004
9092018,tabouret,QLD_CW_ST0203,5054.0
10092018,tabouret,QLD_CW_ST0203,4921.0
11092018,tabouret,QLD_CW_ST0203,4921.0
12092018,tabouret,QLD_CW_ST0203,5054.0
13092018,tabouret,QLD_CW_ST0203,5054.0
14092018,tabouret,QLD_CW_ST0203,5187.0
15092018,tabouret,QLD_CW_ST0203,5054.0
16092018,tabouret,QLD_CW_ST0203,5187.0
17092018,tabouret,QLD_CW_ST0203,4788.0
18092018,tabouret,QLD_CW_ST0203,4921.0
19092018,tabouret,QLD_CW_ST0203,4921.0
20092018,tabouret,QLD_CW_ST0203,5320.0
21092018,tabouret,QLD_CW_ST0203,4921.0
22092018,tabouret,QLD_CW_ST0203,4921.0
23092018,tabouret,QLD_CW_ST0203,5054.0
24092018,tabouret,QLD_CW_ST0203,5054.0
25092018,tabouret,QLD_CW_ST0203,4651.0366
26092018,tabouret,QLD_CW_ST0203,5005.4018
27092018,tabouret,QLD_CW_ST0203,4921.0
28092018,tabouret,QLD_CW_ST0203,2128.0
29092018,tabouret,QLD_CW_ST0203,5266.002
30092018,tabouret,QLD_CW_ST0203,4792.5752
1102018,tabouret,QLD_CW_ST0203,4921.0
2102018,tabouret,QLD_CW_ST0203,5054.0
3102018,tabouret,QLD_CW_ST0203,4921.0
4102018,tabouret,QLD_CW_ST0203,5054.0
5102018,tabouret,QLD_CW_ST0203,5238.87
6102018,tabouret,QLD_CW_ST0203,5035.8056
7102018,tabouret,QLD_CW_ST0203,5187.0
8102018,tabouret,QLD_CW_ST0203,5238.87
9102018,tabouret,QLD_CW_ST0203,5320.0
10102018,tabouret,QLD_CW_ST0203,5299.784
11102018,tabouret,QLD_CW_ST0203,5282.627
12102018,tabouret,QLD_CW_ST0203,4907.966
13102018,tabouret,QLD_CW_ST0203,4674.0988
14102018,tabouret,QLD_CW_ST0203,4670.96
15102018,tabouret,QLD_CW_ST0203,5032.853
16102018,tabouret,QLD_CW_ST0203,2113.7557
17102018,tabouret,QLD_CW_ST0203,2113.7557
18102018,tabouret,QLD_CW_ST0203,2113.7557
19102018,tabouret,QLD_CW_ST0203,2261.0
20102018,tabouret,QLD_CW_ST0203,2128.0
21102018,tabouret,QLD_CW_ST0203,5266.4808
22102018,tabouret,QLD_CW_ST0203,5320.0
23102018,tabouret,QLD_CW_ST0203,2261.0
24102018,tabouret,QLD_CW_ST0203,2394.0
25102018,tabouret,QLD_CW_ST0203,2231.1548
26102018,tabouret,QLD_CW_ST0203,2394.0
27102018,tabouret,QLD_CW_ST0203,2261.0
28102018,tabouret,QLD_CW_ST0203,2378.3991
29102018,tabouret,QLD_CW_ST0203,5035.8056
30102018,tabouret,QLD_CW_ST0203,5187.0
31102018,tabouret,QLD_CW_ST0203,5320.0
1112018,tabouret,QLD_CW_ST0203,5320.0
2112018,tabouret,QLD_CW_ST0203,2261.0
3112018,tabouret,QLD_CW_ST0203,2128.0
4112018,tabouret,QLD_CW_ST0203,2394.0
5112018,tabouret,QLD_CW_ST0203,2394.0
6112018,tabouret,QLD_CW_ST0203,2793.0
7112018,tabouret,QLD_CW_ST0203,2660.0
8112018,tabouret,QLD_CW_ST0203,2128.0
9112018,tabouret,QLD_CW_ST0203,5187.0
10112018,tabouret,QLD_CW_ST0203,5187.0
11112018,tabouret,QLD_CW_ST0203,2128.0
12112018,tabouret,QLD_CW_ST0203,2128.0
13112018,tabouret,QLD_CW_ST0203,2128.0
14112018,tabouret,QLD_CW_ST0203,2128.0
15112018,tabouret,QLD_CW_ST0203,2394.0
16112018,tabouret,QLD_CW_ST0203,2394.0
17112018,tabouret,QLD_CW_ST0203,2207.401
18112018,tabouret,QLD_CW_ST0203,2128.0
19112018,tabouret,QLD_CW_ST0203,2128.0
20112018,tabouret,QLD_CW_ST0203,2128.0
21112018,tabouret,QLD_CW_ST0203,2502.7408
22112018,tabouret,QLD_CW_ST0203,2617.3336
23112018,tabouret,QLD_CW_ST0203,2527.0
24112018,tabouret,QLD_CW_ST0203,2394.0
25112018,tabouret,QLD_CW_ST0203,2527.0
26112018,tabouret,QLD_CW_ST0203,2527.0
27112018,tabouret,QLD_CW_ST0203,2231.1548
28112018,tabouret,QLD_CW_ST0203,3074.3615
29112018,tabouret,QLD_CW_ST0203,2793.0
30112018,tabouret,QLD_CW_ST0203,2394.0
1122018,tabouret,QLD_CW_ST0203,2527.0
2122018,tabouret,QLD_CW_ST0203,2793.0
3122018,tabouret,QLD_CW_ST0203,2793.0
4122018,tabouret,QLD_CW_ST0203,2362.7982
5122018,tabouret,QLD_CW_ST0203,2300.7005
6122018,tabouret,QLD_CW_ST0203,2261.0
7122018,tabouret,QLD_CW_ST0203,2128.0
8122018,tabouret,QLD_CW_ST0203,2394.0
9122018,tabouret,QLD_CW_ST0203,2527.0
10122018,tabouret,QLD_CW_ST0203,2394.0
11122018,tabouret,QLD_CW_ST0203,2394.0
12122018,tabouret,QLD_CW_ST0203,2527.0
13122018,tabouret,QLD_CW_ST0203,2527.0
14122018,tabouret,QLD_CW_ST0203,2722.8026
15122018,tabouret,QLD_CW_ST0203,2510.7208
16122018,tabouret,QLD_CW_ST0203,2176.5051
17122018,tabouret,QLD_CW_ST0203,2494.4416
18122018,tabouret,QLD_CW_ST0203,2494.4416
19122018,tabouret,QLD_CW_ST0203,2784.355
20122018,tabouret,QLD_CW_ST0203,2926.0
21122018,tabouret,QLD_CW_ST0203,2853.1027
22122018,tabouret,QLD_CW_ST0203,3059.0
23122018,tabouret,QLD_CW_ST0203,2394.0
24122018,tabouret,QLD_CW_ST0203,2246.0774
25122018,tabouret,QLD_CW_ST0203,2128.0
26122018,tabouret,QLD_CW_ST0203,2128.0
27122018,tabouret,QLD_CW_ST0203,2394.0
28122018,tabouret,QLD_CW_ST0203,2527.0
29122018,tabouret,QLD_CW_ST0203,2527.0
30122018,tabouret,QLD_CW_ST0203,2926.0
31122018,tabouret,QLD_CW_ST0203,2793.0
1012019,tabouret,QLD_CW_ST0203,3394.16
2012019,tabouret,QLD_CW_ST0203,2848.78286
3012019,tabouret,QLD_CW_ST0203,2932.65
4012019,tabouret,QLD_CW_ST0203,2561.58
5012019,tabouret,QLD_CW_ST0203,2979.2
6012019,tabouret,QLD_CW_ST0203,3032.4
7012019,tabouret,QLD_CW_ST0203,2956.59
8012019,tabouret,QLD_CW_ST0203,3128.16
9012019,tabouret,QLD_CW_ST0203,3072.3
10012019,tabouret,QLD_CW_ST0203,3044.37
11012019,tabouret,QLD_CW_ST0203,3511.2
12012019,tabouret,QLD_CW_ST0203,3211.95
13012019,tabouret,QLD_CW_ST0203,3214.199296
14012019,tabouret,QLD_CW_ST0203,3657.5
15012019,tabouret,QLD_CW_ST0203,2419.27
16012019,tabouret,QLD_CW_ST0203,2396.66
17012019,tabouret,QLD_CW_ST0203,2388.9061
18012019,tabouret,QLD_CW_ST0203,2681.28
19012019,tabouret,QLD_CW_ST0203,2633.4
20012019,tabouret,QLD_CW_ST0203,2609.46
21012019,tabouret,QLD_CW_ST0203,2628.08
22012019,tabouret,QLD_CW_ST0203,3295.74
23012019,tabouret,QLD_CW_ST0203,2979.2
24012019,tabouret,QLD_CW_ST0203,2776.378458
25012019,tabouret,QLD_CW_ST0203,3013.78
26012019,tabouret,QLD_CW_ST0203,3481.94
27012019,tabouret,QLD_CW_ST0203,3426.08
28012019,tabouret,QLD_CW_ST0203,3224.006051
29012019,tabouret,QLD_CW_ST0203,3295.74
30012019,tabouret,QLD_CW_ST0203,3072.3
31012019,tabouret,QLD_CW_ST0203,3126.286695
1022019,tabouret,QLD_CW_ST0203,2298.089444
2022019,tabouret,QLD_CW_ST0203,5993.8046
3022019,tabouret,QLD_CW_ST0203,5636.79536
4022019,tabouret,QLD_CW_ST0203,2614.2746
5022019,tabouret,QLD_CW_ST0203,2464.49
6022019,tabouret,QLD_CW_ST0203,2532.32
7022019,tabouret,QLD_CW_ST0203,2411.44295
8022019,tabouret,QLD_CW_ST0203,2276.22185
9022019,tabouret,QLD_CW_ST0203,2872.8
10022019,tabouret,QLD_CW_ST0203,2653.35
11022019,tabouret,QLD_CW_ST0203,2713.330872
12022019,tabouret,QLD_CW_ST0203,2952.6
13022019,tabouret,QLD_CW_ST0203,2832.336612
14022019,tabouret,QLD_CW_ST0203,2876.79
15022019,tabouret,QLD_CW_ST0203,3089.59
16022019,tabouret,QLD_CW_ST0203,3283.208208
17022019,tabouret,QLD_CW_ST0203,3335.64
18022019,tabouret,QLD_CW_ST0203,3189.34
19022019,tabouret,QLD_CW_ST0203,2766.4
20022019,tabouret,QLD_CW_ST0203,3044.37
21022019,tabouret,QLD_CW_ST0203,2736.685672
22022019,tabouret,QLD_CW_ST0203,5105.0587
23022019,tabouret,QLD_CW_ST0203,3887.692676
24022019,tabouret,QLD_CW_ST0203,2415.05124
25022019,tabouret,QLD_CW_ST0203,3136.161546
26022019,tabouret,QLD_CW_ST0203,3098.4744
27022019,tabouret,QLD_CW_ST0203,2880.78
28022019,tabouret,QLD_CW_ST0203,2394.0
1032019,tabouret,QLD_CW_ST0203,3072.3
2032019,tabouret,QLD_CW_ST0203,3072.3
3032019,tabouret,QLD_CW_ST0203,3267.81
4032019,tabouret,QLD_CW_ST0203,3051.225352
5032019,tabouret,QLD_CW_ST0203,5132.2572
6032019,tabouret,QLD_CW_ST0203,2478.19166
7032019,tabouret,QLD_CW_ST0203,2165.38231
8032019,tabouret,QLD_CW_ST0203,2509.826508
9032019,tabouret,QLD_CW_ST0203,2246.0774
10032019,tabouret,QLD_CW_ST0203,2410.65027
11032019,tabouret,QLD_CW_ST0203,2247.09485
12032019,tabouret,QLD_CW_ST0203,2464.49
13032019,tabouret,QLD_CW_ST0203,2431.958732
14032019,tabouret,QLD_CW_ST0203,2529.53365
15032019,tabouret,QLD_CW_ST0203,2513.7
16032019,tabouret,QLD_CW_ST0203,2441.88
17032019,tabouret,QLD_CW_ST0203,2577.54
18032019,tabouret,QLD_CW_ST0203,2754.43
19032019,tabouret,QLD_CW_ST0203,2979.2
20032019,tabouret,QLD_CW_ST0203,3085.6
21032019,tabouret,QLD_CW_ST0203,5547.2571
22032019,tabouret,QLD_CW_ST0203,2611.80612
23032019,tabouret,QLD_CW_ST0203,2705.006668
24032019,tabouret,QLD_CW_ST0203,2956.59
25032019,tabouret,QLD_CW_ST0203,2464.49
26032019,tabouret,QLD_CW_ST0203,3022.824
27032019,tabouret,QLD_CW_ST0203,5371.080512
28032019,tabouret,QLD_CW_ST0203,3202.00825
29032019,tabouret,QLD_CW_ST0203,2489.76
30032019,tabouret,QLD_CW_ST0203,2602.81
31032019,tabouret,QLD_CW_ST0203,2906.05
1042019,tabouret,QLD_CW_ST0203,2448.497415
2042019,tabouret,QLD_CW_ST0203,2577.54
3042019,tabouret,QLD_CW_ST0203,2854.07892
4042019,tabouret,QLD_CW_ST0203,2335.002796
5042019,tabouret,QLD_CW_ST0203,2641.92264
6042019,tabouret,QLD_CW_ST0203,2253.466348
7042019,tabouret,QLD_CW_ST0203,2298.7587
8042019,tabouret,QLD_CW_ST0203,2509.71
9042019,tabouret,QLD_CW_ST0203,2306.22
10042019,tabouret,QLD_CW_ST0203,2686.51488
11042019,tabouret,QLD_CW_ST0203,2374.05
12042019,tabouret,QLD_CW_ST0203,2513.7
13042019,tabouret,QLD_CW_ST0203,2690.59
14042019,tabouret,QLD_CW_ST0203,2501.59035
15042019,tabouret,QLD_CW_ST0203,2729.16
16042019,tabouret,QLD_CW_ST0203,2713.2
17042019,tabouret,QLD_CW_ST0203,2487.1
18042019,tabouret,QLD_CW_ST0203,6141.548714
19042019,tabouret,QLD_CW_ST0203,2276.96
20042019,tabouret,QLD_CW_ST0203,2519.23812
21042019,tabouret,QLD_CW_ST0203,2234.4
22042019,tabouret,QLD_CW_ST0203,2489.76
23042019,tabouret,QLD_CW_ST0203,2404.64
24042019,tabouret,QLD_CW_ST0203,2128.0
25042019,tabouret,QLD_CW_ST0203,2170.56
26042019,tabouret,QLD_CW_ST0203,2306.22
27042019,tabouret,QLD_CW_ST0203,2261.0
28042019,tabouret,QLD_CW_ST0203,6120.66
29042019,tabouret,QLD_CW_ST0203,6016.92
30042019,tabouret,QLD_CW_ST0203,5653.83
1052019,tabouret,QLD_CW_ST0203,5996.27042
2052019,tabouret,QLD_CW_ST0203,2311.909075
3052019,tabouret,QLD_CW_ST0203,6064.8
4052019,tabouret,QLD_CW_ST0203,2255.68
5052019,tabouret,QLD_CW_ST0203,2128.0
6052019,tabouret,QLD_CW_ST0203,5958.4
7052019,tabouret,QLD_CW_ST0203,5468.40406
8052019,tabouret,QLD_CW_ST0203,6286.644
9052019,tabouret,QLD_CW_ST0203,2622.76
10052019,tabouret,QLD_CW_ST0203,5757.57
11052019,tabouret,QLD_CW_ST0203,5812.1
12052019,tabouret,QLD_CW_ST0203,5462.31
13052019,tabouret,QLD_CW_ST0203,4883.76
14052019,tabouret,QLD_CW_ST0203,5363.89
15052019,tabouret,QLD_CW_ST0203,5117.84
16052019,tabouret,QLD_CW_ST0203,5757.57
17052019,tabouret,QLD_CW_ST0203,5068.63
18052019,tabouret,QLD_CW_ST0203,5862.64
19052019,tabouret,QLD_CW_ST0203,5708.36
20052019,tabouret,QLD_CW_ST0203,5862.64
21052019,tabouret,QLD_CW_ST0203,5458.32
22052019,tabouret,QLD_CW_ST0203,4931.64
23052019,tabouret,QLD_CW_ST0203,4970.21
24052019,tabouret,QLD_CW_ST0203,5660.48
25052019,tabouret,QLD_CW_ST0203,5508.86
26052019,tabouret,QLD_CW_ST0203,5508.86
27052019,tabouret,QLD_CW_ST0203,5455.887962
28052019,tabouret,QLD_CW_ST0203,4974.40216
29052019,tabouret,QLD_CW_ST0203,5205.62
30052019,tabouret,QLD_CW_ST0203,5199.45545
31052019,tabouret,QLD_CW_ST0203,5335.96
1062019,tabouret,QLD_CW_ST0203,4522.0
2062019,tabouret,QLD_CW_ST0203,4928.98
3062019,tabouret,QLD_CW_ST0203,5314.68
4062019,tabouret,QLD_CW_ST0203,5075.28
5062019,tabouret,QLD_CW_ST0203,5171.04
6062019,tabouret,QLD_CW_ST0203,5458.32
7062019,tabouret,QLD_CW_ST0203,5122.504044
8062019,tabouret,QLD_CW_ST0203,5730.587226
9062019,tabouret,QLD_CW_ST0203,5054.0
10062019,tabouret,QLD_CW_ST0203,5701.8031
11062019,tabouret,QLD_CW_ST0203,5362.56
12062019,tabouret,QLD_CW_ST0203,4928.98
13062019,tabouret,QLD_CW_ST0203,4921.0
14062019,tabouret,QLD_CW_ST0203,5306.7
15062019,tabouret,QLD_CW_ST0203,5560.73
16062019,tabouret,QLD_CW_ST0203,4657.66
17062019,tabouret,QLD_CW_ST0203,5426.4
18062019,tabouret,QLD_CW_ST0203,5135.13
19062019,tabouret,QLD_CW_ST0203,4959.57
20062019,tabouret,QLD_CW_ST0203,4774.398489
21062019,tabouret,QLD_CW_ST0203,5104.59985
22062019,tabouret,QLD_CW_ST0203,4883.76
23062019,tabouret,QLD_CW_ST0203,5200.3
24062019,tabouret,QLD_CW_ST0203,4522.0
25062019,tabouret,QLD_CW_ST0203,5601.96
26062019,tabouret,QLD_CW_ST0203,5253.131723
27062019,tabouret,QLD_CW_ST0203,5384.32944
28062019,tabouret,QLD_CW_ST0203,5560.73
29062019,tabouret,QLD_CW_ST0203,4432.89
30062019,tabouret,QLD_CW_ST0203,5218.92
1072019,tabouret,QLD_CW_ST0203,5098.49515
2072019,tabouret,QLD_CW_ST0203,5098.49515
3072019,tabouret,QLD_CW_ST0203,5511.52
4072019,tabouret,QLD_CW_ST0203,5609.94
5072019,tabouret,QLD_CW_ST0203,5030.79283
6072019,tabouret,QLD_CW_ST0203,5845.26222
7072019,tabouret,QLD_CW_ST0203,6846.84
8072019,tabouret,QLD_CW_ST0203,5770.072
9072019,tabouret,QLD_CW_ST0203,5290.208
10072019,tabouret,QLD_CW_ST0203,5620.846
11072019,tabouret,QLD_CW_ST0203,4783.254028
12072019,tabouret,QLD_CW_ST0203,5701.8031
13072019,tabouret,QLD_CW_ST0203,4928.98
14072019,tabouret,QLD_CW_ST0203,4256.0
15072019,tabouret,QLD_CW_ST0203,4979.52
16072019,tabouret,QLD_CW_ST0203,5064.64
17072019,tabouret,QLD_CW_ST0203,5135.13
18072019,tabouret,QLD_CW_ST0203,4428.524275
19072019,tabouret,QLD_CW_ST0203,4809.28
20072019,tabouret,QLD_CW_ST0203,5554.08
21072019,tabouret,QLD_CW_ST0203,4553.92
22072019,tabouret,QLD_CW_ST0203,5266.8
23072019,tabouret,QLD_CW_ST0203,4793.32
24072019,tabouret,QLD_CW_ST0203,4928.98
25072019,tabouret,QLD_CW_ST0203,5539.45
26072019,tabouret,QLD_CW_ST0203,6016.92
27072019,tabouret,QLD_CW_ST0203,5554.08
28072019,tabouret,QLD_CW_ST0203,5462.31
29072019,tabouret,QLD_CW_ST0203,5411.362887
30072019,tabouret,QLD_CW_ST0203,5855.6974
31072019,tabouret,QLD_CW_ST0203,5426.4
1082019,tabouret,QLD_CW_ST0203,6056.82
2082019,tabouret,QLD_CW_ST0203,4793.32
3082019,tabouret,QLD_CW_ST0203,5266.8
4082019,tabouret,QLD_CW_ST0203,5806.78
5082019,tabouret,QLD_CW_ST0203,5266.8
6082019,tabouret,QLD_CW_ST0203,5660.48
7082019,tabouret,QLD_CW_ST0203,5314.68
8082019,tabouret,QLD_CW_ST0203,4652.34
9082019,tabouret,QLD_CW_ST0203,4740.12
10082019,tabouret,QLD_CW_ST0203,5019.42
11082019,tabouret,QLD_CW_ST0203,5019.42
12082019,tabouret,QLD_CW_ST0203,5104.54
13082019,tabouret,QLD_CW_ST0203,5047.35
14082019,tabouret,QLD_CW_ST0203,4696.23
15082019,tabouret,QLD_CW_ST0203,5144.254332
16082019,tabouret,QLD_CW_ST0203,4970.21
17082019,tabouret,QLD_CW_ST0203,4921.0
18082019,tabouret,QLD_CW_ST0203,5075.28
19082019,tabouret,QLD_CW_ST0203,5027.4
20082019,tabouret,QLD_CW_ST0203,4748.1
21082019,tabouret,QLD_CW_ST0203,4696.23
22082019,tabouret,QLD_CW_ST0203,5410.44
23082019,tabouret,QLD_CW_ST0203,4883.76
24082019,tabouret,QLD_CW_ST0203,5745.6
25082019,tabouret,QLD_CW_ST0203,5659.15
26082019,tabouret,QLD_CW_ST0203,5452.221152
27082019,tabouret,QLD_CW_ST0203,5855.99
28082019,tabouret,QLD_CW_ST0203,4979.52
29082019,tabouret,QLD_CW_ST0203,5697.72
30082019,tabouret,QLD_CW_ST0203,4657.66
31082019,tabouret,QLD_CW_ST0203,5362.56
1092019,tabouret,QLD_CW_ST0203,6011.6
2092019,tabouret,QLD_CW_ST0203,5659.15
3092019,tabouret,QLD_CW_ST0203,4883.76
4092019,tabouret,QLD_CW_ST0203,5498.426416
5092019,tabouret,QLD_CW_ST0203,5554.08
6092019,tabouret,QLD_CW_ST0203,5027.4
7092019,tabouret,QLD_CW_ST0203,5812.1
8092019,tabouret,QLD_CW_ST0203,6202.28476
9092019,tabouret,QLD_CW_ST0203,5256.16
10092019,tabouret,QLD_CW_ST0203,4921.0
11092019,tabouret,QLD_CW_ST0203,5708.36
12092019,tabouret,QLD_CW_ST0203,5205.62
13092019,tabouret,QLD_CW_ST0203,5104.54
14092019,tabouret,QLD_CW_ST0203,5550.09
15092019,tabouret,QLD_CW_ST0203,5306.7
16092019,tabouret,QLD_CW_ST0203,5861.31
17092019,tabouret,QLD_CW_ST0203,5027.4
18092019,tabouret,QLD_CW_ST0203,5708.36
19092019,tabouret,QLD_CW_ST0203,5265.47
20092019,tabouret,QLD_CW_ST0203,6011.6
21092019,tabouret,QLD_CW_ST0203,5708.36
22092019,tabouret,QLD_CW_ST0203,5314.68
23092019,tabouret,QLD_CW_ST0203,5155.08
24092019,tabouret,QLD_CW_ST0203,5054.0
25092019,tabouret,QLD_CW_ST0203,5302.181724
26092019,tabouret,QLD_CW_ST0203,5505.94198
27092019,tabouret,QLD_CW_ST0203,5511.52
28092019,tabouret,QLD_CW_ST0203,2383.36
29092019,tabouret,QLD_CW_ST0203,6003.24228
30092019,tabouret,QLD_CW_ST0203,4840.500952
1102019,tabouret,QLD_CW_ST0203,5068.63
2102019,tabouret,QLD_CW_ST0203,5407.78
3102019,tabouret,QLD_CW_ST0203,5659.15
4102019,tabouret,QLD_CW_ST0203,5306.7
5102019,tabouret,QLD_CW_ST0203,5815.1457
6102019,tabouret,QLD_CW_ST0203,5287.59588
7102019,tabouret,QLD_CW_ST0203,5965.05
8102019,tabouret,QLD_CW_ST0203,5343.6474
9102019,tabouret,QLD_CW_ST0203,6224.4
10102019,tabouret,QLD_CW_ST0203,5882.76024
11102019,tabouret,QLD_CW_ST0203,5810.8897
12102019,tabouret,QLD_CW_ST0203,4957.04566
13102019,tabouret,QLD_CW_ST0203,4861.062752
14102019,tabouret,QLD_CW_ST0203,5324.8944
15102019,tabouret,QLD_CW_ST0203,5133.51006
16102019,tabouret,QLD_CW_ST0203,2409.681498
17102019,tabouret,QLD_CW_ST0203,2346.268827
18102019,tabouret,QLD_CW_ST0203,2282.856156
19102019,tabouret,QLD_CW_ST0203,2351.44
20102019,tabouret,QLD_CW_ST0203,2532.32
21102019,tabouret,QLD_CW_ST0203,5687.799264
22102019,tabouret,QLD_CW_ST0203,5798.8
23102019,tabouret,QLD_CW_ST0203,2351.44
24102019,tabouret,QLD_CW_ST0203,2705.22
25102019,tabouret,QLD_CW_ST0203,2610.451116
26102019,tabouret,QLD_CW_ST0203,2848.86
27102019,tabouret,QLD_CW_ST0203,2351.44
28102019,tabouret,QLD_CW_ST0203,2687.590983
29102019,tabouret,QLD_CW_ST0203,5136.521712
30102019,tabouret,QLD_CW_ST0203,5342.61
31102019,tabouret,QLD_CW_ST0203,6384.0
1112019,tabouret,QLD_CW_ST0203,6118.0
2112019,tabouret,QLD_CW_ST0203,2554.93
3112019,tabouret,QLD_CW_ST0203,2511.04
4112019,tabouret,QLD_CW_ST0203,2705.22
5112019,tabouret,QLD_CW_ST0203,2394.0
6112019,tabouret,QLD_CW_ST0203,3128.16
7112019,tabouret,QLD_CW_ST0203,3165.4
8112019,tabouret,QLD_CW_ST0203,2553.6
9112019,tabouret,QLD_CW_ST0203,6224.4
10112019,tabouret,QLD_CW_ST0203,5861.31
11112019,tabouret,QLD_CW_ST0203,2468.48
12112019,tabouret,QLD_CW_ST0203,2213.12
13112019,tabouret,QLD_CW_ST0203,2489.76
14112019,tabouret,QLD_CW_ST0203,2511.04
15112019,tabouret,QLD_CW_ST0203,2872.8
16112019,tabouret,QLD_CW_ST0203,2513.7
17112019,tabouret,QLD_CW_ST0203,2207.401
18112019,tabouret,QLD_CW_ST0203,2213.12
19112019,tabouret,QLD_CW_ST0203,2319.52
20112019,tabouret,QLD_CW_ST0203,2468.48
21112019,tabouret,QLD_CW_ST0203,2853.124512
22112019,tabouret,QLD_CW_ST0203,2643.506936
23112019,tabouret,QLD_CW_ST0203,2552.27
24112019,tabouret,QLD_CW_ST0203,2537.64
25112019,tabouret,QLD_CW_ST0203,2729.16
26112019,tabouret,QLD_CW_ST0203,2527.0
27112019,tabouret,QLD_CW_ST0203,2521.204924
28112019,tabouret,QLD_CW_ST0203,3289.566805
29112019,tabouret,QLD_CW_ST0203,3044.37
30112019,tabouret,QLD_CW_ST0203,2824.92
1122019,tabouret,QLD_CW_ST0203,2779.7
2122019,tabouret,QLD_CW_ST0203,2820.93
3122019,tabouret,QLD_CW_ST0203,3323.67
4122019,tabouret,QLD_CW_ST0203,2504.566092
5122019,tabouret,QLD_CW_ST0203,2323.707505
6122019,tabouret,QLD_CW_ST0203,2532.32
7122019,tabouret,QLD_CW_ST0203,2404.64
8122019,tabouret,QLD_CW_ST0203,2705.22
9122019,tabouret,QLD_CW_ST0203,2577.54
10122019,tabouret,QLD_CW_ST0203,2800.98
11122019,tabouret,QLD_CW_ST0203,2585.52
12122019,tabouret,QLD_CW_ST0203,2754.43
13122019,tabouret,QLD_CW_ST0203,2754.43
14122019,tabouret,QLD_CW_ST0203,3103.994964
15122019,tabouret,QLD_CW_ST0203,2560.935216
16122019,tabouret,QLD_CW_ST0203,2328.860457
17122019,tabouret,QLD_CW_ST0203,2893.552256
18122019,tabouret,QLD_CW_ST0203,2594.219264
19122019,tabouret,QLD_CW_ST0203,3313.38245
20122019,tabouret,QLD_CW_ST0203,3160.08
21122019,tabouret,QLD_CW_ST0203,2881.633727
22122019,tabouret,QLD_CW_ST0203,3548.44
23122019,tabouret,QLD_CW_ST0203,2609.46
24122019,tabouret,QLD_CW_ST0203,2403.302818
25122019,tabouret,QLD_CW_ST0203,2191.84
26122019,tabouret,QLD_CW_ST0203,2489.76
27122019,tabouret,QLD_CW_ST0203,2489.76
28122019,tabouret,QLD_CW_ST0203,2830.24
29122019,tabouret,QLD_CW_ST0203,2779.7
30122019,tabouret,QLD_CW_ST0203,2926.0
31122019,tabouret,QLD_CW_ST0203,2960.58
1012020,tabouret,QLD_CW_ST0203,3597.8096
2012020,tabouret,QLD_CW_ST0203,3247.61246
3012020,tabouret,QLD_CW_ST0203,3196.5885
4012020,tabouret,QLD_CW_ST0203,2766.5064
5012020,tabouret,QLD_CW_ST0203,3455.872
6012020,tabouret,QLD_CW_ST0203,3214.344
7012020,tabouret,QLD_CW_ST0203,3074.8536
8012020,tabouret,QLD_CW_ST0203,3190.7232
9012020,tabouret,QLD_CW_ST0203,3686.76
10012020,tabouret,QLD_CW_ST0203,3653.244
11012020,tabouret,QLD_CW_ST0203,3827.208
12012020,tabouret,QLD_CW_ST0203,3436.7865
13012020,tabouret,QLD_CW_ST0203,3374.909261
14012020,tabouret,QLD_CW_ST0203,3694.075
15012020,tabouret,QLD_CW_ST0203,2878.9313
16012020,tabouret,QLD_CW_ST0203,2875.992
17012020,tabouret,QLD_CW_ST0203,2818.909198
18012020,tabouret,QLD_CW_ST0203,2895.7824
19012020,tabouret,QLD_CW_ST0203,2870.406
20012020,tabouret,QLD_CW_ST0203,2818.2168
21012020,tabouret,QLD_CW_ST0203,2733.2032
22012020,tabouret,QLD_CW_ST0203,3559.3992
23012020,tabouret,QLD_CW_ST0203,3277.12
24012020,tabouret,QLD_CW_ST0203,3276.12658
25012020,tabouret,QLD_CW_ST0203,3134.3312
26012020,tabouret,QLD_CW_ST0203,3864.9534
27012020,tabouret,QLD_CW_ST0203,3974.2528
28012020,tabouret,QLD_CW_ST0203,3836.567201
29012020,tabouret,QLD_CW_ST0203,3526.4418
30012020,tabouret,QLD_CW_ST0203,3072.3
31012020,tabouret,QLD_CW_ST0203,3126.286695
1022020,tabouret,QLD_CW_ST0203,2458.955705
2022020,tabouret,QLD_CW_ST0203,6832.937244
3022020,tabouret,QLD_CW_ST0203,5918.635128
4022020,tabouret,QLD_CW_ST0203,3058.701282
5022020,tabouret,QLD_CW_ST0203,2760.2288
6022020,tabouret,QLD_CW_ST0203,2937.4912
7022020,tabouret,QLD_CW_ST0203,2507.900668
8022020,tabouret,QLD_CW_ST0203,2458.319598
9022020,tabouret,QLD_CW_ST0203,2930.256
10022020,tabouret,QLD_CW_ST0203,3024.819
11022020,tabouret,QLD_CW_ST0203,2767.597489
12022020,tabouret,QLD_CW_ST0203,2982.126
13022020,tabouret,QLD_CW_ST0203,3172.217005
14022020,tabouret,QLD_CW_ST0203,2963.0937
15022020,tabouret,QLD_CW_ST0203,3676.6121
16022020,tabouret,QLD_CW_ST0203,3775.689439
17022020,tabouret,QLD_CW_ST0203,3435.7092
18022020,tabouret,QLD_CW_ST0203,3189.34
19022020,tabouret,QLD_CW_ST0203,3264.352
20022020,tabouret,QLD_CW_ST0203,3044.37
21022020,tabouret,QLD_CW_ST0203,2791.419385
22022020,tabouret,QLD_CW_ST0203,5462.412809
23022020,tabouret,QLD_CW_ST0203,4276.461944
24022020,tabouret,QLD_CW_ST0203,2584.104827
25022020,tabouret,QLD_CW_ST0203,3575.224162
26022020,tabouret,QLD_CW_ST0203,3501.276072
27022020,tabouret,QLD_CW_ST0203,2967.2034
28022020,tabouret,QLD_CW_ST0203,2681.28
1032020,tabouret,QLD_CW_ST0203,3656.037
2032020,tabouret,QLD_CW_ST0203,3379.53
3032020,tabouret,QLD_CW_ST0203,3692.6253
4032020,tabouret,QLD_CW_ST0203,3234.298873
5032020,tabouret,QLD_CW_ST0203,5440.192632
6032020,tabouret,QLD_CW_ST0203,2899.484242
7032020,tabouret,QLD_CW_ST0203,2187.036133
8032020,tabouret,QLD_CW_ST0203,2811.005689
9032020,tabouret,QLD_CW_ST0203,2425.763592
10032020,tabouret,QLD_CW_ST0203,2627.608794
11032020,tabouret,QLD_CW_ST0203,2539.217181
12032020,tabouret,QLD_CW_ST0203,2932.7431
13032020,tabouret,QLD_CW_ST0203,2675.154605
14032020,tabouret,QLD_CW_ST0203,2858.373025
15032020,tabouret,QLD_CW_ST0203,2538.837
16032020,tabouret,QLD_CW_ST0203,2466.2988
17032020,tabouret,QLD_CW_ST0203,2603.3154
18032020,tabouret,QLD_CW_ST0203,3167.5945
19032020,tabouret,QLD_CW_ST0203,3098.368
20032020,tabouret,QLD_CW_ST0203,3085.6
21032020,tabouret,QLD_CW_ST0203,6046.510239
22032020,tabouret,QLD_CW_ST0203,3108.049283
23032020,tabouret,QLD_CW_ST0203,2759.106801
24032020,tabouret,QLD_CW_ST0203,3400.0785
25032020,tabouret,QLD_CW_ST0203,2710.939
26032020,tabouret,QLD_CW_ST0203,3506.47584
27032020,tabouret,QLD_CW_ST0203,5639.634538
28032020,tabouret,QLD_CW_ST0203,3330.08858
29032020,tabouret,QLD_CW_ST0203,2539.5552
30032020,tabouret,QLD_CW_ST0203,3123.372
31032020,tabouret,QLD_CW_ST0203,3225.7155
1042020,tabouret,QLD_CW_ST0203,2668.862182
2042020,tabouret,QLD_CW_ST0203,3041.4972
3042020,tabouret,QLD_CW_ST0203,3339.272336
4042020,tabouret,QLD_CW_ST0203,2428.402908
5042020,tabouret,QLD_CW_ST0203,3170.307168
6042020,tabouret,QLD_CW_ST0203,2478.812983
7042020,tabouret,QLD_CW_ST0203,2459.671809
8042020,tabouret,QLD_CW_ST0203,2911.2636
9042020,tabouret,QLD_CW_ST0203,2582.9664
10042020,tabouret,QLD_CW_ST0203,2740.245178
11042020,tabouret,QLD_CW_ST0203,2397.7905
12042020,tabouret,QLD_CW_ST0203,2840.481
13042020,tabouret,QLD_CW_ST0203,3013.4608
14042020,tabouret,QLD_CW_ST0203,2926.86071
15042020,tabouret,QLD_CW_ST0203,2838.3264
16042020,tabouret,QLD_CW_ST0203,3255.84
17042020,tabouret,QLD_CW_ST0203,2511.971
18042020,tabouret,QLD_CW_ST0203,6755.703585
19042020,tabouret,QLD_CW_ST0203,2481.8864
20042020,tabouret,QLD_CW_ST0203,2645.200026
21042020,tabouret,QLD_CW_ST0203,2323.776
22042020,tabouret,QLD_CW_ST0203,2763.6336
23042020,tabouret,QLD_CW_ST0203,2500.8256
24042020,tabouret,QLD_CW_ST0203,2234.4
25042020,tabouret,QLD_CW_ST0203,2409.3216
26042020,tabouret,QLD_CW_ST0203,2652.153
27042020,tabouret,QLD_CW_ST0203,2577.54
28042020,tabouret,QLD_CW_ST0203,7344.792
29042020,tabouret,QLD_CW_ST0203,6618.612
30042020,tabouret,QLD_CW_ST0203,6445.3662
1052020,tabouret,QLD_CW_ST0203,6595.897462
2052020,tabouret,QLD_CW_ST0203,2404.385438
3052020,tabouret,QLD_CW_ST0203,6246.744
4052020,tabouret,QLD_CW_ST0203,2571.4752
5052020,tabouret,QLD_CW_ST0203,2191.84
6052020,tabouret,QLD_CW_ST0203,7090.496
7052020,tabouret,QLD_CW_ST0203,5960.560425
8052020,tabouret,QLD_CW_ST0203,7041.04128
9052020,tabouret,QLD_CW_ST0203,2675.2152
10052020,tabouret,QLD_CW_ST0203,6160.5999
11052020,tabouret,QLD_CW_ST0203,6625.794
12052020,tabouret,QLD_CW_ST0203,6281.6565
13052020,tabouret,QLD_CW_ST0203,5811.6744
14052020,tabouret,QLD_CW_ST0203,6168.4735
15052020,tabouret,QLD_CW_ST0203,5783.1592
16052020,tabouret,QLD_CW_ST0203,5930.2971
17052020,tabouret,QLD_CW_ST0203,5322.0615
18052020,tabouret,QLD_CW_ST0203,6566.1568
19052020,tabouret,QLD_CW_ST0203,5822.5272
20052020,tabouret,QLD_CW_ST0203,6038.5192
21052020,tabouret,QLD_CW_ST0203,6386.2344
22052020,tabouret,QLD_CW_ST0203,5128.9056
23052020,tabouret,QLD_CW_ST0203,5467.231
24052020,tabouret,QLD_CW_ST0203,5660.48
25052020,tabouret,QLD_CW_ST0203,5839.3916
26052020,tabouret,QLD_CW_ST0203,5619.0372
27052020,tabouret,QLD_CW_ST0203,6383.388916
28052020,tabouret,QLD_CW_ST0203,5969.282592
29052020,tabouret,QLD_CW_ST0203,5205.62
30052020,tabouret,QLD_CW_ST0203,6031.368322
31052020,tabouret,QLD_CW_ST0203,5496.0388
1062020,tabouret,QLD_CW_ST0203,4883.76
2062020,tabouret,QLD_CW_ST0203,5175.429
3062020,tabouret,QLD_CW_ST0203,5633.5608
4062020,tabouret,QLD_CW_ST0203,5785.8192
5062020,tabouret,QLD_CW_ST0203,5636.4336
6062020,tabouret,QLD_CW_ST0203,6222.4848
7062020,tabouret,QLD_CW_ST0203,5634.754448
8062020,tabouret,QLD_CW_ST0203,5730.587226
9062020,tabouret,QLD_CW_ST0203,5761.56
10062020,tabouret,QLD_CW_ST0203,6214.965379
11062020,tabouret,QLD_CW_ST0203,5952.4416
12062020,tabouret,QLD_CW_ST0203,5766.9066
13062020,tabouret,QLD_CW_ST0203,5167.05
14062020,tabouret,QLD_CW_ST0203,5678.169
15062020,tabouret,QLD_CW_ST0203,6005.5884
16062020,tabouret,QLD_CW_ST0203,5496.0388
17062020,tabouret,QLD_CW_ST0203,6403.152
18062020,tabouret,QLD_CW_ST0203,5597.2917
19062020,tabouret,QLD_CW_ST0203,5356.3356
20062020,tabouret,QLD_CW_ST0203,5156.350368
21062020,tabouret,QLD_CW_ST0203,5410.875841
22062020,tabouret,QLD_CW_ST0203,5762.8368
23062020,tabouret,QLD_CW_ST0203,6084.351
24062020,tabouret,QLD_CW_ST0203,4974.2
25062020,tabouret,QLD_CW_ST0203,5770.0188
26062020,tabouret,QLD_CW_ST0203,5936.038847
27062020,tabouret,QLD_CW_ST0203,5438.172734
28062020,tabouret,QLD_CW_ST0203,5616.3373
29062020,tabouret,QLD_CW_ST0203,4876.179
30062020,tabouret,QLD_CW_ST0203,5375.4876
1072020,tabouret,QLD_CW_ST0203,5302.434956
2072020,tabouret,QLD_CW_ST0203,5761.29952
3072020,tabouret,QLD_CW_ST0203,6228.0176
4072020,tabouret,QLD_CW_ST0203,6114.8346
5072020,tabouret,QLD_CW_ST0203,5382.948328
6072020,tabouret,QLD_CW_ST0203,6137.525331
7072020,tabouret,QLD_CW_ST0203,8147.7396
8072020,tabouret,QLD_CW_ST0203,6289.37848
9072020,tabouret,QLD_CW_ST0203,6136.64128
10072020,tabouret,QLD_CW_ST0203,6295.34752
11072020,tabouret,QLD_CW_ST0203,5261.579431
12072020,tabouret,QLD_CW_ST0203,6043.911286
13072020,tabouret,QLD_CW_ST0203,5076.8494
14072020,tabouret,QLD_CW_ST0203,4298.56
15072020,tabouret,QLD_CW_ST0203,5278.2912
16072020,tabouret,QLD_CW_ST0203,6026.9216
17072020,tabouret,QLD_CW_ST0203,6059.4534
18072020,tabouret,QLD_CW_ST0203,4472.809518
19072020,tabouret,QLD_CW_ST0203,5434.4864
20072020,tabouret,QLD_CW_ST0203,6553.8144
21072020,tabouret,QLD_CW_ST0203,4644.9984
22072020,tabouret,QLD_CW_ST0203,6109.488
23072020,tabouret,QLD_CW_ST0203,5416.4516
24072020,tabouret,QLD_CW_ST0203,5914.776
25072020,tabouret,QLD_CW_ST0203,5816.4225
26072020,tabouret,QLD_CW_ST0203,6859.2888
27072020,tabouret,QLD_CW_ST0203,6276.1104
28072020,tabouret,QLD_CW_ST0203,5790.0486
29072020,tabouret,QLD_CW_ST0203,5736.04466
30072020,tabouret,QLD_CW_ST0203,6382.710166
31072020,tabouret,QLD_CW_ST0203,6240.36
1082020,tabouret,QLD_CW_ST0203,6359.661
2082020,tabouret,QLD_CW_ST0203,5560.2512
3082020,tabouret,QLD_CW_ST0203,6320.16
4082020,tabouret,QLD_CW_ST0203,6097.119
5082020,tabouret,QLD_CW_ST0203,5635.476
6082020,tabouret,QLD_CW_ST0203,5943.504
7082020,tabouret,QLD_CW_ST0203,6165.0288
8082020,tabouret,QLD_CW_ST0203,5443.2378
9082020,tabouret,QLD_CW_ST0203,5308.9344
10082020,tabouret,QLD_CW_ST0203,5973.1098
11082020,tabouret,QLD_CW_ST0203,5671.9446
12082020,tabouret,QLD_CW_ST0203,5921.2664
13082020,tabouret,QLD_CW_ST0203,5148.297
14082020,tabouret,QLD_CW_ST0203,4978.0038
15082020,tabouret,QLD_CW_ST0203,5298.581962
16082020,tabouret,QLD_CW_ST0203,5864.8478
17082020,tabouret,QLD_CW_ST0203,5609.94
18082020,tabouret,QLD_CW_ST0203,5075.28
19082020,tabouret,QLD_CW_ST0203,5479.866
20082020,tabouret,QLD_CW_ST0203,5507.796
21082020,tabouret,QLD_CW_ST0203,5447.6268
22082020,tabouret,QLD_CW_ST0203,5626.8576
23082020,tabouret,QLD_CW_ST0203,5323.2984
24082020,tabouret,QLD_CW_ST0203,6435.072
25082020,tabouret,QLD_CW_ST0203,6394.8395
26082020,tabouret,QLD_CW_ST0203,6542.665382
27082020,tabouret,QLD_CW_ST0203,6148.7895
28082020,tabouret,QLD_CW_ST0203,5079.1104
29082020,tabouret,QLD_CW_ST0203,6438.4236
30082020,tabouret,QLD_CW_ST0203,5589.192
31082020,tabouret,QLD_CW_ST0203,5416.1856
1092020,tabouret,QLD_CW_ST0203,6672.876
2092020,tabouret,QLD_CW_ST0203,5828.9245
3092020,tabouret,QLD_CW_ST0203,5567.4864
4092020,tabouret,QLD_CW_ST0203,6543.127435
5092020,tabouret,QLD_CW_ST0203,6442.7328
6092020,tabouret,QLD_CW_ST0203,5077.674
7092020,tabouret,QLD_CW_ST0203,6218.947
8092020,tabouret,QLD_CW_ST0203,6326.330455
9092020,tabouret,QLD_CW_ST0203,6202.2688
10092020,tabouret,QLD_CW_ST0203,5757.57
11092020,tabouret,QLD_CW_ST0203,6279.196
12092020,tabouret,QLD_CW_ST0203,5413.8448
13092020,tabouret,QLD_CW_ST0203,5155.5854
14092020,tabouret,QLD_CW_ST0203,5550.09
15092020,tabouret,QLD_CW_ST0203,6368.04
16092020,tabouret,QLD_CW_ST0203,6212.9886
17092020,tabouret,QLD_CW_ST0203,5228.496
18092020,tabouret,QLD_CW_ST0203,6222.1124
19092020,tabouret,QLD_CW_ST0203,6002.6358
20092020,tabouret,QLD_CW_ST0203,6191.948
21092020,tabouret,QLD_CW_ST0203,6678.7812
22092020,tabouret,QLD_CW_ST0203,5686.7076
23092020,tabouret,QLD_CW_ST0203,6082.9944
24092020,tabouret,QLD_CW_ST0203,5761.56
25092020,tabouret,QLD_CW_ST0203,6362.618069
26092020,tabouret,QLD_CW_ST0203,6497.011536
27092020,tabouret,QLD_CW_ST0203,5787.096
28092020,tabouret,QLD_CW_ST0203,2788.5312
29092020,tabouret,QLD_CW_ST0203,6123.307126
30092020,tabouret,QLD_CW_ST0203,5421.361066
1102020,tabouret,QLD_CW_ST0203,5119.3163
2102020,tabouret,QLD_CW_ST0203,5515.9356
3102020,tabouret,QLD_CW_ST0203,6451.431
4102020,tabouret,QLD_CW_ST0203,5465.901
5102020,tabouret,QLD_CW_ST0203,6222.205899
6102020,tabouret,QLD_CW_ST0203,5869.231427
7102020,tabouret,QLD_CW_ST0203,7098.4095
8102020,tabouret,QLD_CW_ST0203,5557.393296
9102020,tabouret,QLD_CW_ST0203,6722.352
10102020,tabouret,QLD_CW_ST0203,6235.725854
11102020,tabouret,QLD_CW_ST0203,6450.087567
12102020,tabouret,QLD_CW_ST0203,5651.032052
13102020,tabouret,QLD_CW_ST0203,5590.222165
14102020,tabouret,QLD_CW_ST0203,6283.375392
15102020,tabouret,QLD_CW_ST0203,6160.212072
16102020,tabouret,QLD_CW_ST0203,2409.681498
17102020,tabouret,QLD_CW_ST0203,2510.507645
18102020,tabouret,QLD_CW_ST0203,2511.141772
19102020,tabouret,QLD_CW_ST0203,2633.6128
20102020,tabouret,QLD_CW_ST0203,2810.8752
21102020,tabouret,QLD_CW_ST0203,5972.189227
22102020,tabouret,QLD_CW_ST0203,6378.68
23102020,tabouret,QLD_CW_ST0203,2421.9832
24102020,tabouret,QLD_CW_ST0203,3111.003
25102020,tabouret,QLD_CW_ST0203,2871.496228
26102020,tabouret,QLD_CW_ST0203,3190.7232
27102020,tabouret,QLD_CW_ST0203,2539.5552
28102020,tabouret,QLD_CW_ST0203,2714.466893
29102020,tabouret,QLD_CW_ST0203,5958.365186
30102020,tabouret,QLD_CW_ST0203,6144.0015
31102020,tabouret,QLD_CW_ST0203,7469.28
1112020,tabouret,QLD_CW_ST0203,6852.16
2112020,tabouret,QLD_CW_ST0203,2784.8737
3112020,tabouret,QLD_CW_ST0203,2762.144
4112020,tabouret,QLD_CW_ST0203,3165.1074
5112020,tabouret,QLD_CW_ST0203,2417.94
6112020,tabouret,QLD_CW_ST0203,3566.1024
7112020,tabouret,QLD_CW_ST0203,3640.21
8112020,tabouret,QLD_CW_ST0203,2885.568
9112020,tabouret,QLD_CW_ST0203,7407.036
10112020,tabouret,QLD_CW_ST0203,5978.5362
11112020,tabouret,QLD_CW_ST0203,2740.0128
12112020,tabouret,QLD_CW_ST0203,2434.432
13112020,tabouret,QLD_CW_ST0203,2962.8144
14112020,tabouret,QLD_CW_ST0203,2737.0336
15112020,tabouret,QLD_CW_ST0203,3188.808
16112020,tabouret,QLD_CW_ST0203,2714.796
17112020,tabouret,QLD_CW_ST0203,2406.06709
18112020,tabouret,QLD_CW_ST0203,2589.3504
19112020,tabouret,QLD_CW_ST0203,2435.496
20112020,tabouret,QLD_CW_ST0203,2665.9584
21112020,tabouret,QLD_CW_ST0203,3281.093189
22112020,tabouret,QLD_CW_ST0203,2696.377075
23112020,tabouret,QLD_CW_ST0203,2577.7927
24112020,tabouret,QLD_CW_ST0203,3019.7916
25112020,tabouret,QLD_CW_ST0203,3056.6592
26112020,tabouret,QLD_CW_ST0203,2678.62
27112020,tabouret,QLD_CW_ST0203,2823.749515
28112020,tabouret,QLD_CW_ST0203,3388.253809
29112020,tabouret,QLD_CW_ST0203,3501.0255
30112020,tabouret,QLD_CW_ST0203,3050.9136
1122020,tabouret,QLD_CW_ST0203,2918.685
2122020,tabouret,QLD_CW_ST0203,2933.7672
3122020,tabouret,QLD_CW_ST0203,3622.8003
4122020,tabouret,QLD_CW_ST0203,2629.794397
5122020,tabouret,QLD_CW_ST0203,2463.129955
6122020,tabouret,QLD_CW_ST0203,2684.2592
7122020,tabouret,QLD_CW_ST0203,2741.2896
8122020,tabouret,QLD_CW_ST0203,3029.8464
9122020,tabouret,QLD_CW_ST0203,2603.3154
10122020,tabouret,QLD_CW_ST0203,2997.0486
11122020,tabouret,QLD_CW_ST0203,2921.6376
12122020,tabouret,QLD_CW_ST0203,3167.5945
13122020,tabouret,QLD_CW_ST0203,3167.5945
14122020,tabouret,QLD_CW_ST0203,3383.354511
15122020,tabouret,QLD_CW_ST0203,2714.591329
16122020,tabouret,QLD_CW_ST0203,2585.035107
1012018,table,QLD_CW_ST0203,2926.0
2012018,table,QLD_CW_ST0203,2687.531
3012018,table,QLD_CW_ST0203,2793.0
4012018,table,QLD_CW_ST0203,2394.0
5012018,table,QLD_CW_ST0203,2660.0
6012018,table,QLD_CW_ST0203,2527.0
7012018,table,QLD_CW_ST0203,2527.0
8012018,table,QLD_CW_ST0203,2793.0
9012018,table,QLD_CW_ST0203,2793.0
10012018,table,QLD_CW_ST0203,2793.0
11012018,table,QLD_CW_ST0203,2926.0
12012018,table,QLD_CW_ST0203,2793.0
13012018,table,QLD_CW_ST0203,2869.8208
14012018,table,QLD_CW_ST0203,3325.0
15012018,table,QLD_CW_ST0203,2261.0
16012018,table,QLD_CW_ST0203,2261.0
17012018,table,QLD_CW_ST0203,2253.685
18012018,table,QLD_CW_ST0203,2394.0
19012018,table,QLD_CW_ST0203,2394.0
20012018,table,QLD_CW_ST0203,2394.0
21012018,table,QLD_CW_ST0203,2527.0
22012018,table,QLD_CW_ST0203,2793.0
23012018,table,QLD_CW_ST0203,2660.0
24012018,table,QLD_CW_ST0203,2547.1362
25012018,table,QLD_CW_ST0203,2926.0
26012018,table,QLD_CW_ST0203,2926.0
27012018,table,QLD_CW_ST0203,3059.0
28012018,table,QLD_CW_ST0203,2853.1027
29012018,table,QLD_CW_ST0203,2793.0
30012018,table,QLD_CW_ST0203,2793.0
31012018,table,QLD_CW_ST0203,2816.4745
1022018,table,QLD_CW_ST0203,2231.1548
2022018,table,QLD_CW_ST0203,5212.004
3022018,table,QLD_CW_ST0203,5032.853
4022018,table,QLD_CW_ST0203,2253.685
5022018,table,QLD_CW_ST0203,2261.0
6022018,table,QLD_CW_ST0203,2261.0
7022018,table,QLD_CW_ST0203,2253.685
8022018,table,QLD_CW_ST0203,2253.685
9022018,table,QLD_CW_ST0203,2394.0
10022018,table,QLD_CW_ST0203,2527.0
11022018,table,QLD_CW_ST0203,2380.1148
12022018,table,QLD_CW_ST0203,2660.0
13022018,table,QLD_CW_ST0203,2380.1148
14022018,table,QLD_CW_ST0203,2793.0
15022018,table,QLD_CW_ST0203,3059.0
16022018,table,QLD_CW_ST0203,3040.0076
17022018,table,QLD_CW_ST0203,2926.0
18022018,table,QLD_CW_ST0203,2926.0
19022018,table,QLD_CW_ST0203,2660.0
20022018,table,QLD_CW_ST0203,2793.0
21022018,table,QLD_CW_ST0203,2510.7208
22022018,table,QLD_CW_ST0203,5105.0587
23022018,table,QLD_CW_ST0203,3667.6346
24022018,table,QLD_CW_ST0203,2300.0488
25022018,table,QLD_CW_ST0203,2775.3642
26022018,table,QLD_CW_ST0203,2582.062
27022018,table,QLD_CW_ST0203,2527.0
28022018,table,QLD_CW_ST0203,2394.0
1032018,table,QLD_CW_ST0203,2793.0
2032018,table,QLD_CW_ST0203,2793.0
3032018,table,QLD_CW_ST0203,2793.0
4032018,table,QLD_CW_ST0203,3021.0152
5032018,table,QLD_CW_ST0203,4752.09
6032018,table,QLD_CW_ST0203,2082.514
7032018,table,QLD_CW_ST0203,2042.8135
8032018,table,QLD_CW_ST0203,2201.6022
9032018,table,QLD_CW_ST0203,2246.0774
10032018,table,QLD_CW_ST0203,2171.757
11032018,table,QLD_CW_ST0203,2042.8135
12032018,table,QLD_CW_ST0203,2261.0
13032018,table,QLD_CW_ST0203,2231.1548
14032018,table,QLD_CW_ST0203,2386.3525
15032018,table,QLD_CW_ST0203,2394.0
16032018,table,QLD_CW_ST0203,2394.0
17032018,table,QLD_CW_ST0203,2527.0
18032018,table,QLD_CW_ST0203,2527.0
19032018,table,QLD_CW_ST0203,2660.0
20032018,table,QLD_CW_ST0203,2660.0
21032018,table,QLD_CW_ST0203,5042.961
22032018,table,QLD_CW_ST0203,2176.5051
23032018,table,QLD_CW_ST0203,2331.9023
24032018,table,QLD_CW_ST0203,2527.0
25032018,table,QLD_CW_ST0203,2261.0
26032018,table,QLD_CW_ST0203,2519.02
27032018,table,QLD_CW_ST0203,4927.5968
28032018,table,QLD_CW_ST0203,2784.355
29032018,table,QLD_CW_ST0203,2394.0
30032018,table,QLD_CW_ST0203,2527.0
31032018,table,QLD_CW_ST0203,2527.0
1042018,table,QLD_CW_ST0203,2331.9023
2042018,table,QLD_CW_ST0203,2527.0
3042018,table,QLD_CW_ST0203,2378.3991
4042018,table,QLD_CW_ST0203,2142.2044
5042018,table,QLD_CW_ST0203,2201.6022
6042018,table,QLD_CW_ST0203,2231.1548
7042018,table,QLD_CW_ST0203,2253.685
8042018,table,QLD_CW_ST0203,2261.0
9042018,table,QLD_CW_ST0203,2261.0
10042018,table,QLD_CW_ST0203,2238.7624
11042018,table,QLD_CW_ST0203,2261.0
12042018,table,QLD_CW_ST0203,2394.0
13042018,table,QLD_CW_ST0203,2261.0
14042018,table,QLD_CW_ST0203,2253.685
15042018,table,QLD_CW_ST0203,2394.0
16042018,table,QLD_CW_ST0203,2261.0
17042018,table,QLD_CW_ST0203,2261.0
18042018,table,QLD_CW_ST0203,5204.7023
19042018,table,QLD_CW_ST0203,2128.0
20042018,table,QLD_CW_ST0203,2171.757
21042018,table,QLD_CW_ST0203,2128.0
22042018,table,QLD_CW_ST0203,2128.0
23042018,table,QLD_CW_ST0203,2128.0
24042018,table,QLD_CW_ST0203,2128.0
25042018,table,QLD_CW_ST0203,2128.0
26042018,table,QLD_CW_ST0203,2261.0
27042018,table,QLD_CW_ST0203,2261.0
28042018,table,QLD_CW_ST0203,5187.0
29042018,table,QLD_CW_ST0203,5187.0
30042018,table,QLD_CW_ST0203,5187.0
1052018,table,QLD_CW_ST0203,5306.434
2052018,table,QLD_CW_ST0203,2121.0175
3052018,table,QLD_CW_ST0203,5320.0
4052018,table,QLD_CW_ST0203,2128.0
5052018,table,QLD_CW_ST0203,2128.0
6052018,table,QLD_CW_ST0203,5320.0
7052018,table,QLD_CW_ST0203,5110.658
8052018,table,QLD_CW_ST0203,5238.87
9052018,table,QLD_CW_ST0203,2261.0
10052018,table,QLD_CW_ST0203,5187.0
11052018,table,QLD_CW_ST0203,5054.0
12052018,table,QLD_CW_ST0203,4921.0
13052018,table,QLD_CW_ST0203,4788.0
14052018,table,QLD_CW_ST0203,4921.0
15052018,table,QLD_CW_ST0203,4921.0
16052018,table,QLD_CW_ST0203,4921.0
17052018,table,QLD_CW_ST0203,4921.0
18052018,table,QLD_CW_ST0203,5054.0
19052018,table,QLD_CW_ST0203,4921.0
20052018,table,QLD_CW_ST0203,5054.0
21052018,table,QLD_CW_ST0203,4788.0
22052018,table,QLD_CW_ST0203,4788.0
23052018,table,QLD_CW_ST0203,4921.0
24052018,table,QLD_CW_ST0203,5054.0
25052018,table,QLD_CW_ST0203,5054.0
26052018,table,QLD_CW_ST0203,5054.0
27052018,table,QLD_CW_ST0203,5005.4018
28052018,table,QLD_CW_ST0203,4783.079
29052018,table,QLD_CW_ST0203,5054.0
30052018,table,QLD_CW_ST0203,5048.015
31052018,table,QLD_CW_ST0203,4522.0
1062018,table,QLD_CW_ST0203,4522.0
2062018,table,QLD_CW_ST0203,4522.0
3062018,table,QLD_CW_ST0203,4921.0
4062018,table,QLD_CW_ST0203,4788.0
5062018,table,QLD_CW_ST0203,4788.0
6062018,table,QLD_CW_ST0203,4788.0
7062018,table,QLD_CW_ST0203,4743.0593
8062018,table,QLD_CW_ST0203,4897.9378
9062018,table,QLD_CW_ST0203,5054.0
10062018,table,QLD_CW_ST0203,4915.3475
11062018,table,QLD_CW_ST0203,4788.0
12062018,table,QLD_CW_ST0203,4522.0
13062018,table,QLD_CW_ST0203,4921.0
14062018,table,QLD_CW_ST0203,5054.0
15062018,table,QLD_CW_ST0203,4921.0
16062018,table,QLD_CW_ST0203,4522.0
17062018,table,QLD_CW_ST0203,4522.0
18062018,table,QLD_CW_ST0203,4389.0
19062018,table,QLD_CW_ST0203,4389.0
20062018,table,QLD_CW_ST0203,4380.1821
21062018,table,QLD_CW_ST0203,4517.345
22062018,table,QLD_CW_ST0203,4788.0
23062018,table,QLD_CW_ST0203,4522.0
24062018,table,QLD_CW_ST0203,4522.0
25062018,table,QLD_CW_ST0203,4788.0
26062018,table,QLD_CW_ST0203,4909.4689
27062018,table,QLD_CW_ST0203,4723.096
28062018,table,QLD_CW_ST0203,4921.0
29062018,table,QLD_CW_ST0203,4389.0
30062018,table,QLD_CW_ST0203,4788.0
1072018,table,QLD_CW_ST0203,5048.015
2072018,table,QLD_CW_ST0203,5048.015
3072018,table,QLD_CW_ST0203,4921.0
4072018,table,QLD_CW_ST0203,5054.0
5072018,table,QLD_CW_ST0203,4980.983
6072018,table,QLD_CW_ST0203,5266.002
7072018,table,QLD_CW_ST0203,5705.7
8072018,table,QLD_CW_ST0203,4974.2
9072018,table,QLD_CW_ST0203,4681.6
10072018,table,QLD_CW_ST0203,4974.2
11072018,table,QLD_CW_ST0203,4512.5038
12072018,table,QLD_CW_ST0203,4915.3475
13072018,table,QLD_CW_ST0203,4522.0
14072018,table,QLD_CW_ST0203,4256.0
15072018,table,QLD_CW_ST0203,4256.0
16072018,table,QLD_CW_ST0203,4522.0
17072018,table,QLD_CW_ST0203,4389.0
18072018,table,QLD_CW_ST0203,4384.6775
19072018,table,QLD_CW_ST0203,4256.0
20072018,table,QLD_CW_ST0203,4788.0
21072018,table,QLD_CW_ST0203,4256.0
22072018,table,QLD_CW_ST0203,4389.0
23072018,table,QLD_CW_ST0203,4522.0
24072018,table,QLD_CW_ST0203,4522.0
25072018,table,QLD_CW_ST0203,4655.0
26072018,table,QLD_CW_ST0203,5187.0
27072018,table,QLD_CW_ST0203,4788.0
28072018,table,QLD_CW_ST0203,4921.0
29072018,table,QLD_CW_ST0203,4875.1017
30072018,table,QLD_CW_ST0203,5048.015
31072018,table,QLD_CW_ST0203,4522.0
1082018,table,QLD_CW_ST0203,5047.35
2082018,table,QLD_CW_ST0203,4522.0
3082018,table,QLD_CW_ST0203,4788.0
4082018,table,QLD_CW_ST0203,4921.0
5082018,table,QLD_CW_ST0203,4788.0
6082018,table,QLD_CW_ST0203,5054.0
7082018,table,QLD_CW_ST0203,4921.0
8082018,table,QLD_CW_ST0203,4389.0
9082018,table,QLD_CW_ST0203,4389.0
10082018,table,QLD_CW_ST0203,4522.0
11082018,table,QLD_CW_ST0203,4921.0
12082018,table,QLD_CW_ST0203,5054.0
13082018,table,QLD_CW_ST0203,4389.0
14082018,table,QLD_CW_ST0203,4389.0
15082018,table,QLD_CW_ST0203,4512.5038
16082018,table,QLD_CW_ST0203,4921.0
17082018,table,QLD_CW_ST0203,4921.0
18082018,table,QLD_CW_ST0203,4788.0
19082018,table,QLD_CW_ST0203,4788.0
20082018,table,QLD_CW_ST0203,4655.0
21082018,table,QLD_CW_ST0203,4389.0
22082018,table,QLD_CW_ST0203,4788.0
23082018,table,QLD_CW_ST0203,4522.0
24082018,table,QLD_CW_ST0203,4788.0
25082018,table,QLD_CW_ST0203,4921.0
26082018,table,QLD_CW_ST0203,4620.5264
27082018,table,QLD_CW_ST0203,4921.0
28082018,table,QLD_CW_ST0203,4788.0
29082018,table,QLD_CW_ST0203,4788.0
30082018,table,QLD_CW_ST0203,4522.0
31082018,table,QLD_CW_ST0203,4788.0
1092018,table,QLD_CW_ST0203,5320.0
2092018,table,QLD_CW_ST0203,4921.0
3092018,table,QLD_CW_ST0203,4788.0
4092018,table,QLD_CW_ST0203,4620.5264
5092018,table,QLD_CW_ST0203,4788.0
6092018,table,QLD_CW_ST0203,4788.0
7092018,table,QLD_CW_ST0203,5054.0
8092018,table,QLD_CW_ST0203,5212.004
9092018,table,QLD_CW_ST0203,5054.0
10092018,table,QLD_CW_ST0203,4921.0
11092018,table,QLD_CW_ST0203,4921.0
12092018,table,QLD_CW_ST0203,5054.0
13092018,table,QLD_CW_ST0203,5054.0
14092018,table,QLD_CW_ST0203,5187.0
15092018,table,QLD_CW_ST0203,5054.0
16092018,table,QLD_CW_ST0203,5187.0
17092018,table,QLD_CW_ST0203,4788.0
18092018,table,QLD_CW_ST0203,4921.0
19092018,table,QLD_CW_ST0203,4921.0
20092018,table,QLD_CW_ST0203,5320.0
21092018,table,QLD_CW_ST0203,4921.0
22092018,table,QLD_CW_ST0203,4921.0
23092018,table,QLD_CW_ST0203,5054.0
24092018,table,QLD_CW_ST0203,5054.0
25092018,table,QLD_CW_ST0203,4651.0366
26092018,table,QLD_CW_ST0203,5005.4018
27092018,table,QLD_CW_ST0203,4921.0
28092018,table,QLD_CW_ST0203,2128.0
29092018,table,QLD_CW_ST0203,5266.002
30092018,table,QLD_CW_ST0203,4792.5752
1102018,table,QLD_CW_ST0203,4921.0
2102018,table,QLD_CW_ST0203,5054.0
3102018,table,QLD_CW_ST0203,4921.0
4102018,table,QLD_CW_ST0203,5054.0
5102018,table,QLD_CW_ST0203,5238.87
6102018,table,QLD_CW_ST0203,5035.8056
7102018,table,QLD_CW_ST0203,5187.0
8102018,table,QLD_CW_ST0203,5238.87
9102018,table,QLD_CW_ST0203,5320.0
10102018,table,QLD_CW_ST0203,5299.784
11102018,table,QLD_CW_ST0203,5282.627
12102018,table,QLD_CW_ST0203,4907.966
13102018,table,QLD_CW_ST0203,4674.0988
14102018,table,QLD_CW_ST0203,4670.96
15102018,table,QLD_CW_ST0203,5032.853
16102018,table,QLD_CW_ST0203,2113.7557
17102018,table,QLD_CW_ST0203,2113.7557
18102018,table,QLD_CW_ST0203,2113.7557
19102018,table,QLD_CW_ST0203,2261.0
20102018,table,QLD_CW_ST0203,2128.0
21102018,table,QLD_CW_ST0203,5266.4808
22102018,table,QLD_CW_ST0203,5320.0
23102018,table,QLD_CW_ST0203,2261.0
24102018,table,QLD_CW_ST0203,2394.0
25102018,table,QLD_CW_ST0203,2231.1548
26102018,table,QLD_CW_ST0203,2394.0
27102018,table,QLD_CW_ST0203,2261.0
28102018,table,QLD_CW_ST0203,2378.3991
29102018,table,QLD_CW_ST0203,5035.8056
30102018,table,QLD_CW_ST0203,5187.0
31102018,table,QLD_CW_ST0203,5320.0
1112018,table,QLD_CW_ST0203,5320.0
2112018,table,QLD_CW_ST0203,2261.0
3112018,table,QLD_CW_ST0203,2128.0
4112018,table,QLD_CW_ST0203,2394.0
5112018,table,QLD_CW_ST0203,2394.0
6112018,table,QLD_CW_ST0203,2793.0
7112018,table,QLD_CW_ST0203,2660.0
8112018,table,QLD_CW_ST0203,2128.0
9112018,table,QLD_CW_ST0203,5187.0
10112018,table,QLD_CW_ST0203,5187.0
11112018,table,QLD_CW_ST0203,2128.0
12112018,table,QLD_CW_ST0203,2128.0
13112018,table,QLD_CW_ST0203,2128.0
14112018,table,QLD_CW_ST0203,2128.0
15112018,table,QLD_CW_ST0203,2394.0
16112018,table,QLD_CW_ST0203,2394.0
17112018,table,QLD_CW_ST0203,2207.401
18112018,table,QLD_CW_ST0203,2128.0
19112018,table,QLD_CW_ST0203,2128.0
20112018,table,QLD_CW_ST0203,2128.0
21112018,table,QLD_CW_ST0203,2502.7408
22112018,table,QLD_CW_ST0203,2617.3336
23112018,table,QLD_CW_ST0203,2527.0
24112018,table,QLD_CW_ST0203,2394.0
25112018,table,QLD_CW_ST0203,2527.0
26112018,table,QLD_CW_ST0203,2527.0
27112018,table,QLD_CW_ST0203,2231.1548
28112018,table,QLD_CW_ST0203,3074.3615
29112018,table,QLD_CW_ST0203,2793.0
30112018,table,QLD_CW_ST0203,2394.0
1122018,table,QLD_CW_ST0203,2527.0
2122018,table,QLD_CW_ST0203,2793.0
3122018,table,QLD_CW_ST0203,2793.0
4122018,table,QLD_CW_ST0203,2362.7982
5122018,table,QLD_CW_ST0203,2300.7005
6122018,table,QLD_CW_ST0203,2261.0
7122018,table,QLD_CW_ST0203,2128.0
8122018,table,QLD_CW_ST0203,2394.0
9122018,table,QLD_CW_ST0203,2527.0
10122018,table,QLD_CW_ST0203,2394.0
11122018,table,QLD_CW_ST0203,2394.0
12122018,table,QLD_CW_ST0203,2527.0
13122018,table,QLD_CW_ST0203,2527.0
14122018,table,QLD_CW_ST0203,2722.8026
15122018,table,QLD_CW_ST0203,2510.7208
16122018,table,QLD_CW_ST0203,2176.5051
17122018,table,QLD_CW_ST0203,2494.4416
18122018,table,QLD_CW_ST0203,2494.4416
19122018,table,QLD_CW_ST0203,2784.355
20122018,table,QLD_CW_ST0203,2926.0
21122018,table,QLD_CW_ST0203,2853.1027
22122018,table,QLD_CW_ST0203,3059.0
23122018,table,QLD_CW_ST0203,2394.0
24122018,table,QLD_CW_ST0203,2246.0774
25122018,table,QLD_CW_ST0203,2128.0
26122018,table,QLD_CW_ST0203,2128.0
27122018,table,QLD_CW_ST0203,2394.0
28122018,table,QLD_CW_ST0203,2527.0
29122018,table,QLD_CW_ST0203,2527.0
30122018,table,QLD_CW_ST0203,2926.0
31122018,table,QLD_CW_ST0203,2793.0
1012019,table,QLD_CW_ST0203,3394.16
2012019,table,QLD_CW_ST0203,2848.78286
3012019,table,QLD_CW_ST0203,2932.65
4012019,table,QLD_CW_ST0203,2561.58
5012019,table,QLD_CW_ST0203,2979.2
6012019,table,QLD_CW_ST0203,3032.4
7012019,table,QLD_CW_ST0203,2956.59
8012019,table,QLD_CW_ST0203,3128.16
9012019,table,QLD_CW_ST0203,3072.3
10012019,table,QLD_CW_ST0203,3044.37
11012019,table,QLD_CW_ST0203,3511.2
12012019,table,QLD_CW_ST0203,3211.95
13012019,table,QLD_CW_ST0203,3214.199296
14012019,table,QLD_CW_ST0203,3657.5
15012019,table,QLD_CW_ST0203,2419.27
16012019,table,QLD_CW_ST0203,2396.66
17012019,table,QLD_CW_ST0203,2388.9061
18012019,table,QLD_CW_ST0203,2681.28
19012019,table,QLD_CW_ST0203,2633.4
20012019,table,QLD_CW_ST0203,2609.46
21012019,table,QLD_CW_ST0203,2628.08
22012019,table,QLD_CW_ST0203,3295.74
23012019,table,QLD_CW_ST0203,2979.2
24012019,table,QLD_CW_ST0203,2776.378458
25012019,table,QLD_CW_ST0203,3013.78
26012019,table,QLD_CW_ST0203,3481.94
27012019,table,QLD_CW_ST0203,3426.08
28012019,table,QLD_CW_ST0203,3224.006051
29012019,table,QLD_CW_ST0203,3295.74
30012019,table,QLD_CW_ST0203,3072.3
31012019,table,QLD_CW_ST0203,3126.286695
1022019,table,QLD_CW_ST0203,2298.089444
2022019,table,QLD_CW_ST0203,5993.8046
3022019,table,QLD_CW_ST0203,5636.79536
4022019,table,QLD_CW_ST0203,2614.2746
5022019,table,QLD_CW_ST0203,2464.49
6022019,table,QLD_CW_ST0203,2532.32
7022019,table,QLD_CW_ST0203,2411.44295
8022019,table,QLD_CW_ST0203,2276.22185
9022019,table,QLD_CW_ST0203,2872.8
10022019,table,QLD_CW_ST0203,2653.35
11022019,table,QLD_CW_ST0203,2713.330872
12022019,table,QLD_CW_ST0203,2952.6
13022019,table,QLD_CW_ST0203,2832.336612
14022019,table,QLD_CW_ST0203,2876.79
15022019,table,QLD_CW_ST0203,3089.59
16022019,table,QLD_CW_ST0203,3283.208208
17022019,table,QLD_CW_ST0203,3335.64
18022019,table,QLD_CW_ST0203,3189.34
19022019,table,QLD_CW_ST0203,2766.4
20022019,table,QLD_CW_ST0203,3044.37
21022019,table,QLD_CW_ST0203,2736.685672
22022019,table,QLD_CW_ST0203,5105.0587
23022019,table,QLD_CW_ST0203,3887.692676
24022019,table,QLD_CW_ST0203,2415.05124
25022019,table,QLD_CW_ST0203,3136.161546
26022019,table,QLD_CW_ST0203,3098.4744
27022019,table,QLD_CW_ST0203,2880.78
28022019,table,QLD_CW_ST0203,2394.0
1032019,table,QLD_CW_ST0203,3072.3
2032019,table,QLD_CW_ST0203,3072.3
3032019,table,QLD_CW_ST0203,3267.81
4032019,table,QLD_CW_ST0203,3051.225352
5032019,table,QLD_CW_ST0203,5132.2572
6032019,table,QLD_CW_ST0203,2478.19166
7032019,table,QLD_CW_ST0203,2165.38231
8032019,table,QLD_CW_ST0203,2509.826508
9032019,table,QLD_CW_ST0203,2246.0774
10032019,table,QLD_CW_ST0203,2410.65027
11032019,table,QLD_CW_ST0203,2247.09485
12032019,table,QLD_CW_ST0203,2464.49
13032019,table,QLD_CW_ST0203,2431.958732
14032019,table,QLD_CW_ST0203,2529.53365
15032019,table,QLD_CW_ST0203,2513.7
16032019,table,QLD_CW_ST0203,2441.88
17032019,table,QLD_CW_ST0203,2577.54
18032019,table,QLD_CW_ST0203,2754.43
19032019,table,QLD_CW_ST0203,2979.2
20032019,table,QLD_CW_ST0203,3085.6
21032019,table,QLD_CW_ST0203,5547.2571
22032019,table,QLD_CW_ST0203,2611.80612
23032019,table,QLD_CW_ST0203,2705.006668
24032019,table,QLD_CW_ST0203,2956.59
25032019,table,QLD_CW_ST0203,2464.49
26032019,table,QLD_CW_ST0203,3022.824
27032019,table,QLD_CW_ST0203,5371.080512
28032019,table,QLD_CW_ST0203,3202.00825
29032019,table,QLD_CW_ST0203,2489.76
30032019,table,QLD_CW_ST0203,2602.81
31032019,table,QLD_CW_ST0203,2906.05
1042019,table,QLD_CW_ST0203,2448.497415
2042019,table,QLD_CW_ST0203,2577.54
3042019,table,QLD_CW_ST0203,2854.07892
4042019,table,QLD_CW_ST0203,2335.002796
5042019,table,QLD_CW_ST0203,2641.92264
6042019,table,QLD_CW_ST0203,2253.466348
7042019,table,QLD_CW_ST0203,2298.7587
8042019,table,QLD_CW_ST0203,2509.71
9042019,table,QLD_CW_ST0203,2306.22
10042019,table,QLD_CW_ST0203,2686.51488
11042019,table,QLD_CW_ST0203,2374.05
12042019,table,QLD_CW_ST0203,2513.7
13042019,table,QLD_CW_ST0203,2690.59
14042019,table,QLD_CW_ST0203,2501.59035
15042019,table,QLD_CW_ST0203,2729.16
16042019,table,QLD_CW_ST0203,2713.2
17042019,table,QLD_CW_ST0203,2487.1
18042019,table,QLD_CW_ST0203,6141.548714
19042019,table,QLD_CW_ST0203,2276.96
20042019,table,QLD_CW_ST0203,2519.23812
21042019,table,QLD_CW_ST0203,2234.4
22042019,table,QLD_CW_ST0203,2489.76
23042019,table,QLD_CW_ST0203,2404.64
24042019,table,QLD_CW_ST0203,2128.0
25042019,table,QLD_CW_ST0203,2170.56
26042019,table,QLD_CW_ST0203,2306.22
27042019,table,QLD_CW_ST0203,2261.0
28042019,table,QLD_CW_ST0203,6120.66
29042019,table,QLD_CW_ST0203,6016.92
30042019,table,QLD_CW_ST0203,5653.83
1052019,table,QLD_CW_ST0203,5996.27042
2052019,table,QLD_CW_ST0203,2311.909075
3052019,table,QLD_CW_ST0203,6064.8
4052019,table,QLD_CW_ST0203,2255.68
5052019,table,QLD_CW_ST0203,2128.0
6052019,table,QLD_CW_ST0203,5958.4
7052019,table,QLD_CW_ST0203,5468.40406
8052019,table,QLD_CW_ST0203,6286.644
9052019,table,QLD_CW_ST0203,2622.76
10052019,table,QLD_CW_ST0203,5757.57
11052019,table,QLD_CW_ST0203,5812.1
12052019,table,QLD_CW_ST0203,5462.31
13052019,table,QLD_CW_ST0203,4883.76
14052019,table,QLD_CW_ST0203,5363.89
15052019,table,QLD_CW_ST0203,5117.84
16052019,table,QLD_CW_ST0203,5757.57
17052019,table,QLD_CW_ST0203,5068.63
18052019,table,QLD_CW_ST0203,5862.64
19052019,table,QLD_CW_ST0203,5708.36
20052019,table,QLD_CW_ST0203,5862.64
21052019,table,QLD_CW_ST0203,5458.32
22052019,table,QLD_CW_ST0203,4931.64
23052019,table,QLD_CW_ST0203,4970.21
24052019,table,QLD_CW_ST0203,5660.48
25052019,table,QLD_CW_ST0203,5508.86
26052019,table,QLD_CW_ST0203,5508.86
27052019,table,QLD_CW_ST0203,5455.887962
28052019,table,QLD_CW_ST0203,4974.40216
29052019,table,QLD_CW_ST0203,5205.62
30052019,table,QLD_CW_ST0203,5199.45545
31052019,table,QLD_CW_ST0203,5335.96
1062019,table,QLD_CW_ST0203,4522.0
2062019,table,QLD_CW_ST0203,4928.98
3062019,table,QLD_CW_ST0203,5314.68
4062019,table,QLD_CW_ST0203,5075.28
5062019,table,QLD_CW_ST0203,5171.04
6062019,table,QLD_CW_ST0203,5458.32
7062019,table,QLD_CW_ST0203,5122.504044
8062019,table,QLD_CW_ST0203,5730.587226
9062019,table,QLD_CW_ST0203,5054.0
10062019,table,QLD_CW_ST0203,5701.8031
11062019,table,QLD_CW_ST0203,5362.56
12062019,table,QLD_CW_ST0203,4928.98
13062019,table,QLD_CW_ST0203,4921.0
14062019,table,QLD_CW_ST0203,5306.7
15062019,table,QLD_CW_ST0203,5560.73
16062019,table,QLD_CW_ST0203,4657.66
17062019,table,QLD_CW_ST0203,5426.4
18062019,table,QLD_CW_ST0203,5135.13
19062019,table,QLD_CW_ST0203,4959.57
20062019,table,QLD_CW_ST0203,4774.398489
21062019,table,QLD_CW_ST0203,5104.59985
22062019,table,QLD_CW_ST0203,4883.76
23062019,table,QLD_CW_ST0203,5200.3
24062019,table,QLD_CW_ST0203,4522.0
25062019,table,QLD_CW_ST0203,5601.96
26062019,table,QLD_CW_ST0203,5253.131723
27062019,table,QLD_CW_ST0203,5384.32944
28062019,table,QLD_CW_ST0203,5560.73
29062019,table,QLD_CW_ST0203,4432.89
30062019,table,QLD_CW_ST0203,5218.92
1072019,table,QLD_CW_ST0203,5098.49515
2072019,table,QLD_CW_ST0203,5098.49515
3072019,table,QLD_CW_ST0203,5511.52
4072019,table,QLD_CW_ST0203,5609.94
5072019,table,QLD_CW_ST0203,5030.79283
6072019,table,QLD_CW_ST0203,5845.26222
7072019,table,QLD_CW_ST0203,6846.84
8072019,table,QLD_CW_ST0203,5770.072
9072019,table,QLD_CW_ST0203,5290.208
10072019,table,QLD_CW_ST0203,5620.846
11072019,table,QLD_CW_ST0203,4783.254028
12072019,table,QLD_CW_ST0203,5701.8031
13072019,table,QLD_CW_ST0203,4928.98
14072019,table,QLD_CW_ST0203,4256.0
15072019,table,QLD_CW_ST0203,4979.52
16072019,table,QLD_CW_ST0203,5064.64
17072019,table,QLD_CW_ST0203,5135.13
18072019,table,QLD_CW_ST0203,4428.524275
19072019,table,QLD_CW_ST0203,4809.28
20072019,table,QLD_CW_ST0203,5554.08
21072019,table,QLD_CW_ST0203,4553.92
22072019,table,QLD_CW_ST0203,5266.8
23072019,table,QLD_CW_ST0203,4793.32
24072019,table,QLD_CW_ST0203,4928.98
25072019,table,QLD_CW_ST0203,5539.45
26072019,table,QLD_CW_ST0203,6016.92
27072019,table,QLD_CW_ST0203,5554.08
28072019,table,QLD_CW_ST0203,5462.31
29072019,table,QLD_CW_ST0203,5411.362887
30072019,table,QLD_CW_ST0203,5855.6974
31072019,table,QLD_CW_ST0203,5426.4
1082019,table,QLD_CW_ST0203,6056.82
2082019,table,QLD_CW_ST0203,4793.32
3082019,table,QLD_CW_ST0203,5266.8
4082019,table,QLD_CW_ST0203,5806.78
5082019,table,QLD_CW_ST0203,5266.8
6082019,table,QLD_CW_ST0203,5660.48
7082019,table,QLD_CW_ST0203,5314.68
8082019,table,QLD_CW_ST0203,4652.34
9082019,table,QLD_CW_ST0203,4740.12
10082019,table,QLD_CW_ST0203,5019.42
11082019,table,QLD_CW_ST0203,5019.42
12082019,table,QLD_CW_ST0203,5104.54
13082019,table,QLD_CW_ST0203,5047.35
14082019,table,QLD_CW_ST0203,4696.23
15082019,table,QLD_CW_ST0203,5144.254332
16082019,table,QLD_CW_ST0203,4970.21
17082019,table,QLD_CW_ST0203,4921.0
18082019,table,QLD_CW_ST0203,5075.28
19082019,table,QLD_CW_ST0203,5027.4
20082019,table,QLD_CW_ST0203,4748.1
21082019,table,QLD_CW_ST0203,4696.23
22082019,table,QLD_CW_ST0203,5410.44
23082019,table,QLD_CW_ST0203,4883.76
24082019,table,QLD_CW_ST0203,5745.6
25082019,table,QLD_CW_ST0203,5659.15
26082019,table,QLD_CW_ST0203,5452.221152
27082019,table,QLD_CW_ST0203,5855.99
28082019,table,QLD_CW_ST0203,4979.52
29082019,table,QLD_CW_ST0203,5697.72
30082019,table,QLD_CW_ST0203,4657.66
31082019,table,QLD_CW_ST0203,5362.56
1092019,table,QLD_CW_ST0203,6011.6
2092019,table,QLD_CW_ST0203,5659.15
3092019,table,QLD_CW_ST0203,4883.76
4092019,table,QLD_CW_ST0203,5498.426416
5092019,table,QLD_CW_ST0203,5554.08
6092019,table,QLD_CW_ST0203,5027.4
7092019,table,QLD_CW_ST0203,5812.1
8092019,table,QLD_CW_ST0203,6202.28476
9092019,table,QLD_CW_ST0203,5256.16
10092019,table,QLD_CW_ST0203,4921.0
11092019,table,QLD_CW_ST0203,5708.36
12092019,table,QLD_CW_ST0203,5205.62
13092019,table,QLD_CW_ST0203,5104.54
14092019,table,QLD_CW_ST0203,5550.09
15092019,table,QLD_CW_ST0203,5306.7
16092019,table,QLD_CW_ST0203,5861.31
17092019,table,QLD_CW_ST0203,5027.4
18092019,table,QLD_CW_ST0203,5708.36
19092019,table,QLD_CW_ST0203,5265.47
20092019,table,QLD_CW_ST0203,6011.6
21092019,table,QLD_CW_ST0203,5708.36
22092019,table,QLD_CW_ST0203,5314.68
23092019,table,QLD_CW_ST0203,5155.08
24092019,table,QLD_CW_ST0203,5054.0
25092019,table,QLD_CW_ST0203,5302.181724
26092019,table,QLD_CW_ST0203,5505.94198
27092019,table,QLD_CW_ST0203,5511.52
28092019,table,QLD_CW_ST0203,2383.36
29092019,table,QLD_CW_ST0203,6003.24228
30092019,table,QLD_CW_ST0203,4840.500952
1102019,table,QLD_CW_ST0203,5068.63
2102019,table,QLD_CW_ST0203,5407.78
3102019,table,QLD_CW_ST0203,5659.15
4102019,table,QLD_CW_ST0203,5306.7
5102019,table,QLD_CW_ST0203,5815.1457
6102019,table,QLD_CW_ST0203,5287.59588
7102019,table,QLD_CW_ST0203,5965.05
8102019,table,QLD_CW_ST0203,5343.6474
9102019,table,QLD_CW_ST0203,6224.4
10102019,table,QLD_CW_ST0203,5882.76024
11102019,table,QLD_CW_ST0203,5810.8897
12102019,table,QLD_CW_ST0203,4957.04566
13102019,table,QLD_CW_ST0203,4861.062752
14102019,table,QLD_CW_ST0203,5324.8944
15102019,table,QLD_CW_ST0203,5133.51006
16102019,table,QLD_CW_ST0203,2409.681498
17102019,table,QLD_CW_ST0203,2346.268827
18102019,table,QLD_CW_ST0203,2282.856156
19102019,table,QLD_CW_ST0203,2351.44
20102019,table,QLD_CW_ST0203,2532.32
21102019,table,QLD_CW_ST0203,5687.799264
22102019,table,QLD_CW_ST0203,5798.8
23102019,table,QLD_CW_ST0203,2351.44
24102019,table,QLD_CW_ST0203,2705.22
25102019,table,QLD_CW_ST0203,2610.451116
26102019,table,QLD_CW_ST0203,2848.86
27102019,table,QLD_CW_ST0203,2351.44
28102019,table,QLD_CW_ST0203,2687.590983
29102019,table,QLD_CW_ST0203,5136.521712
30102019,table,QLD_CW_ST0203,5342.61
31102019,table,QLD_CW_ST0203,6384.0
1112019,table,QLD_CW_ST0203,6118.0
2112019,table,QLD_CW_ST0203,2554.93
3112019,table,QLD_CW_ST0203,2511.04
4112019,table,QLD_CW_ST0203,2705.22
5112019,table,QLD_CW_ST0203,2394.0
6112019,table,QLD_CW_ST0203,3128.16
7112019,table,QLD_CW_ST0203,3165.4
8112019,table,QLD_CW_ST0203,2553.6
9112019,table,QLD_CW_ST0203,6224.4
10112019,table,QLD_CW_ST0203,5861.31
11112019,table,QLD_CW_ST0203,2468.48
12112019,table,QLD_CW_ST0203,2213.12
13112019,table,QLD_CW_ST0203,2489.76
14112019,table,QLD_CW_ST0203,2511.04
15112019,table,QLD_CW_ST0203,2872.8
16112019,table,QLD_CW_ST0203,2513.7
17112019,table,QLD_CW_ST0203,2207.401
18112019,table,QLD_CW_ST0203,2213.12
19112019,table,QLD_CW_ST0203,2319.52
20112019,table,QLD_CW_ST0203,2468.48
21112019,table,QLD_CW_ST0203,2853.124512
22112019,table,QLD_CW_ST0203,2643.506936
23112019,table,QLD_CW_ST0203,2552.27
24112019,table,QLD_CW_ST0203,2537.64
25112019,table,QLD_CW_ST0203,2729.16
26112019,table,QLD_CW_ST0203,2527.0
27112019,table,QLD_CW_ST0203,2521.204924
28112019,table,QLD_CW_ST0203,3289.566805
29112019,table,QLD_CW_ST0203,3044.37
30112019,table,QLD_CW_ST0203,2824.92
1122019,table,QLD_CW_ST0203,2779.7
2122019,table,QLD_CW_ST0203,2820.93
3122019,table,QLD_CW_ST0203,3323.67
4122019,table,QLD_CW_ST0203,2504.566092
5122019,table,QLD_CW_ST0203,2323.707505
6122019,table,QLD_CW_ST0203,2532.32
7122019,table,QLD_CW_ST0203,2404.64
8122019,table,QLD_CW_ST0203,2705.22
9122019,table,QLD_CW_ST0203,2577.54
10122019,table,QLD_CW_ST0203,2800.98
11122019,table,QLD_CW_ST0203,2585.52
12122019,table,QLD_CW_ST0203,2754.43
13122019,table,QLD_CW_ST0203,2754.43
14122019,table,QLD_CW_ST0203,3103.994964
15122019,table,QLD_CW_ST0203,2560.935216
16122019,table,QLD_CW_ST0203,2328.860457
17122019,table,QLD_CW_ST0203,2893.552256
18122019,table,QLD_CW_ST0203,2594.219264
19122019,table,QLD_CW_ST0203,3313.38245
20122019,table,QLD_CW_ST0203,3160.08
21122019,table,QLD_CW_ST0203,2881.633727
22122019,table,QLD_CW_ST0203,3548.44
23122019,table,QLD_CW_ST0203,2609.46
24122019,table,QLD_CW_ST0203,2403.302818
25122019,table,QLD_CW_ST0203,2191.84
26122019,table,QLD_CW_ST0203,2489.76
27122019,table,QLD_CW_ST0203,2489.76
28122019,table,QLD_CW_ST0203,2830.24
29122019,table,QLD_CW_ST0203,2779.7
30122019,table,QLD_CW_ST0203,2926.0
31122019,table,QLD_CW_ST0203,2960.58
1012020,table,QLD_CW_ST0203,3597.8096
2012020,table,QLD_CW_ST0203,3247.61246
3012020,table,QLD_CW_ST0203,3196.5885
4012020,table,QLD_CW_ST0203,2766.5064
5012020,table,QLD_CW_ST0203,3455.872
6012020,table,QLD_CW_ST0203,3214.344
7012020,table,QLD_CW_ST0203,3074.8536
8012020,table,QLD_CW_ST0203,3190.7232
9012020,table,QLD_CW_ST0203,3686.76
10012020,table,QLD_CW_ST0203,3653.244
11012020,table,QLD_CW_ST0203,3827.208
12012020,table,QLD_CW_ST0203,3436.7865
13012020,table,QLD_CW_ST0203,3374.909261
14012020,table,QLD_CW_ST0203,3694.075
15012020,table,QLD_CW_ST0203,2878.9313
16012020,table,QLD_CW_ST0203,2875.992
17012020,table,QLD_CW_ST0203,2818.909198
18012020,table,QLD_CW_ST0203,2895.7824
19012020,table,QLD_CW_ST0203,2870.406
20012020,table,QLD_CW_ST0203,2818.2168
21012020,table,QLD_CW_ST0203,2733.2032
22012020,table,QLD_CW_ST0203,3559.3992
23012020,table,QLD_CW_ST0203,3277.12
24012020,table,QLD_CW_ST0203,3276.12658
25012020,table,QLD_CW_ST0203,3134.3312
26012020,table,QLD_CW_ST0203,3864.9534
27012020,table,QLD_CW_ST0203,3974.2528
28012020,table,QLD_CW_ST0203,3836.567201
29012020,table,QLD_CW_ST0203,3526.4418
30012020,table,QLD_CW_ST0203,3072.3
31012020,table,QLD_CW_ST0203,3126.286695
1022020,table,QLD_CW_ST0203,2458.955705
2022020,table,QLD_CW_ST0203,6832.937244
3022020,table,QLD_CW_ST0203,5918.635128
4022020,table,QLD_CW_ST0203,3058.701282
5022020,table,QLD_CW_ST0203,2760.2288
6022020,table,QLD_CW_ST0203,2937.4912
7022020,table,QLD_CW_ST0203,2507.900668
8022020,table,QLD_CW_ST0203,2458.319598
9022020,table,QLD_CW_ST0203,2930.256
10022020,table,QLD_CW_ST0203,3024.819
11022020,table,QLD_CW_ST0203,2767.597489
12022020,table,QLD_CW_ST0203,2982.126
13022020,table,QLD_CW_ST0203,3172.217005
14022020,table,QLD_CW_ST0203,2963.0937
15022020,table,QLD_CW_ST0203,3676.6121
16022020,table,QLD_CW_ST0203,3775.689439
17022020,table,QLD_CW_ST0203,3435.7092
18022020,table,QLD_CW_ST0203,3189.34
19022020,table,QLD_CW_ST0203,3264.352
20022020,table,QLD_CW_ST0203,3044.37
21022020,table,QLD_CW_ST0203,2791.419385
22022020,table,QLD_CW_ST0203,5462.412809
23022020,table,QLD_CW_ST0203,4276.461944
24022020,table,QLD_CW_ST0203,2584.104827
25022020,table,QLD_CW_ST0203,3575.224162
26022020,table,QLD_CW_ST0203,3501.276072
27022020,table,QLD_CW_ST0203,2967.2034
28022020,table,QLD_CW_ST0203,2681.28
1032020,table,QLD_CW_ST0203,3656.037
2032020,table,QLD_CW_ST0203,3379.53
3032020,table,QLD_CW_ST0203,3692.6253
4032020,table,QLD_CW_ST0203,3234.298873
5032020,table,QLD_CW_ST0203,5440.192632
6032020,table,QLD_CW_ST0203,2899.484242
7032020,table,QLD_CW_ST0203,2187.036133
8032020,table,QLD_CW_ST0203,2811.005689
9032020,table,QLD_CW_ST0203,2425.763592
10032020,table,QLD_CW_ST0203,2627.608794
11032020,table,QLD_CW_ST0203,2539.217181
12032020,table,QLD_CW_ST0203,2932.7431
13032020,table,QLD_CW_ST0203,2675.154605
14032020,table,QLD_CW_ST0203,2858.373025
15032020,table,QLD_CW_ST0203,2538.837
16032020,table,QLD_CW_ST0203,2466.2988
17032020,table,QLD_CW_ST0203,2603.3154
18032020,table,QLD_CW_ST0203,3167.5945
19032020,table,QLD_CW_ST0203,3098.368
20032020,table,QLD_CW_ST0203,3085.6
21032020,table,QLD_CW_ST0203,6046.510239
22032020,table,QLD_CW_ST0203,3108.049283
23032020,table,QLD_CW_ST0203,2759.106801
24032020,table,QLD_CW_ST0203,3400.0785
25032020,table,QLD_CW_ST0203,2710.939
26032020,table,QLD_CW_ST0203,3506.47584
27032020,table,QLD_CW_ST0203,5639.634538
28032020,table,QLD_CW_ST0203,3330.08858
29032020,table,QLD_CW_ST0203,2539.5552
30032020,table,QLD_CW_ST0203,3123.372
31032020,table,QLD_CW_ST0203,3225.7155
1042020,table,QLD_CW_ST0203,2668.862182
2042020,table,QLD_CW_ST0203,3041.4972
3042020,table,QLD_CW_ST0203,3339.272336
4042020,table,QLD_CW_ST0203,2428.402908
5042020,table,QLD_CW_ST0203,3170.307168
6042020,table,QLD_CW_ST0203,2478.812983
7042020,table,QLD_CW_ST0203,2459.671809
8042020,table,QLD_CW_ST0203,2911.2636
9042020,table,QLD_CW_ST0203,2582.9664
10042020,table,QLD_CW_ST0203,2740.245178
11042020,table,QLD_CW_ST0203,2397.7905
12042020,table,QLD_CW_ST0203,2840.481
13042020,table,QLD_CW_ST0203,3013.4608
14042020,table,QLD_CW_ST0203,2926.86071
15042020,table,QLD_CW_ST0203,2838.3264
16042020,table,QLD_CW_ST0203,3255.84
17042020,table,QLD_CW_ST0203,2511.971
18042020,table,QLD_CW_ST0203,6755.703585
19042020,table,QLD_CW_ST0203,2481.8864
20042020,table,QLD_CW_ST0203,2645.200026
21042020,table,QLD_CW_ST0203,2323.776
22042020,table,QLD_CW_ST0203,2763.6336
23042020,table,QLD_CW_ST0203,2500.8256
24042020,table,QLD_CW_ST0203,2234.4
25042020,table,QLD_CW_ST0203,2409.3216
26042020,table,QLD_CW_ST0203,2652.153
27042020,table,QLD_CW_ST0203,2577.54
28042020,table,QLD_CW_ST0203,7344.792
29042020,table,QLD_CW_ST0203,6618.612
30042020,table,QLD_CW_ST0203,6445.3662
1052020,table,QLD_CW_ST0203,6595.897462
2052020,table,QLD_CW_ST0203,2404.385438
3052020,table,QLD_CW_ST0203,6246.744
4052020,table,QLD_CW_ST0203,2571.4752
5052020,table,QLD_CW_ST0203,2191.84
6052020,table,QLD_CW_ST0203,7090.496
7052020,table,QLD_CW_ST0203,5960.560425
8052020,table,QLD_CW_ST0203,7041.04128
9052020,table,QLD_CW_ST0203,2675.2152
10052020,table,QLD_CW_ST0203,6160.5999
11052020,table,QLD_CW_ST0203,6625.794
12052020,table,QLD_CW_ST0203,6281.6565
13052020,table,QLD_CW_ST0203,5811.6744
14052020,table,QLD_CW_ST0203,6168.4735
15052020,table,QLD_CW_ST0203,5783.1592
16052020,table,QLD_CW_ST0203,5930.2971
17052020,table,QLD_CW_ST0203,5322.0615
18052020,table,QLD_CW_ST0203,6566.1568
19052020,table,QLD_CW_ST0203,5822.5272
20052020,table,QLD_CW_ST0203,6038.5192
21052020,table,QLD_CW_ST0203,6386.2344
22052020,table,QLD_CW_ST0203,5128.9056
23052020,table,QLD_CW_ST0203,5467.231
24052020,table,QLD_CW_ST0203,5660.48
25052020,table,QLD_CW_ST0203,5839.3916
26052020,table,QLD_CW_ST0203,5619.0372
27052020,table,QLD_CW_ST0203,6383.388916
28052020,table,QLD_CW_ST0203,5969.282592
29052020,table,QLD_CW_ST0203,5205.62
30052020,table,QLD_CW_ST0203,6031.368322
31052020,table,QLD_CW_ST0203,5496.0388
1062020,table,QLD_CW_ST0203,4883.76
2062020,table,QLD_CW_ST0203,5175.429
3062020,table,QLD_CW_ST0203,5633.5608
4062020,table,QLD_CW_ST0203,5785.8192
5062020,table,QLD_CW_ST0203,5636.4336
6062020,table,QLD_CW_ST0203,6222.4848
7062020,table,QLD_CW_ST0203,5634.754448
8062020,table,QLD_CW_ST0203,5730.587226
9062020,table,QLD_CW_ST0203,5761.56
10062020,table,QLD_CW_ST0203,6214.965379
11062020,table,QLD_CW_ST0203,5952.4416
12062020,table,QLD_CW_ST0203,5766.9066
13062020,table,QLD_CW_ST0203,5167.05
14062020,table,QLD_CW_ST0203,5678.169
15062020,table,QLD_CW_ST0203,6005.5884
16062020,table,QLD_CW_ST0203,5496.0388
17062020,table,QLD_CW_ST0203,6403.152
18062020,table,QLD_CW_ST0203,5597.2917
19062020,table,QLD_CW_ST0203,5356.3356
20062020,table,QLD_CW_ST0203,5156.350368
21062020,table,QLD_CW_ST0203,5410.875841
22062020,table,QLD_CW_ST0203,5762.8368
23062020,table,QLD_CW_ST0203,6084.351
24062020,table,QLD_CW_ST0203,4974.2
25062020,table,QLD_CW_ST0203,5770.0188
26062020,table,QLD_CW_ST0203,5936.038847
27062020,table,QLD_CW_ST0203,5438.172734
28062020,table,QLD_CW_ST0203,5616.3373
29062020,table,QLD_CW_ST0203,4876.179
30062020,table,QLD_CW_ST0203,5375.4876
1072020,table,QLD_CW_ST0203,5302.434956
2072020,table,QLD_CW_ST0203,5761.29952
3072020,table,QLD_CW_ST0203,6228.0176
4072020,table,QLD_CW_ST0203,6114.8346
5072020,table,QLD_CW_ST0203,5382.948328
6072020,table,QLD_CW_ST0203,6137.525331
7072020,table,QLD_CW_ST0203,8147.7396
8072020,table,QLD_CW_ST0203,6289.37848
9072020,table,QLD_CW_ST0203,6136.64128
10072020,table,QLD_CW_ST0203,6295.34752
11072020,table,QLD_CW_ST0203,5261.579431
12072020,table,QLD_CW_ST0203,6043.911286
13072020,table,QLD_CW_ST0203,5076.8494
14072020,table,QLD_CW_ST0203,4298.56
15072020,table,QLD_CW_ST0203,5278.2912
16072020,table,QLD_CW_ST0203,6026.9216
17072020,table,QLD_CW_ST0203,6059.4534
18072020,table,QLD_CW_ST0203,4472.809518
19072020,table,QLD_CW_ST0203,5434.4864
20072020,table,QLD_CW_ST0203,6553.8144
21072020,table,QLD_CW_ST0203,4644.9984
22072020,table,QLD_CW_ST0203,6109.488
23072020,table,QLD_CW_ST0203,5416.4516
24072020,table,QLD_CW_ST0203,5914.776
25072020,table,QLD_CW_ST0203,5816.4225
26072020,table,QLD_CW_ST0203,6859.2888
27072020,table,QLD_CW_ST0203,6276.1104
28072020,table,QLD_CW_ST0203,5790.0486
29072020,table,QLD_CW_ST0203,5736.04466
30072020,table,QLD_CW_ST0203,6382.710166
31072020,table,QLD_CW_ST0203,6240.36
1082020,table,QLD_CW_ST0203,6359.661
2082020,table,QLD_CW_ST0203,5560.2512
3082020,table,QLD_CW_ST0203,6320.16
4082020,table,QLD_CW_ST0203,6097.119
5082020,table,QLD_CW_ST0203,5635.476
6082020,table,QLD_CW_ST0203,5943.504
7082020,table,QLD_CW_ST0203,6165.0288
8082020,table,QLD_CW_ST0203,5443.2378
9082020,table,QLD_CW_ST0203,5308.9344
10082020,table,QLD_CW_ST0203,5973.1098
11082020,table,QLD_CW_ST0203,5671.9446
12082020,table,QLD_CW_ST0203,5921.2664
13082020,table,QLD_CW_ST0203,5148.297
14082020,table,QLD_CW_ST0203,4978.0038
15082020,table,QLD_CW_ST0203,5298.581962
16082020,table,QLD_CW_ST0203,5864.8478
17082020,table,QLD_CW_ST0203,5609.94
18082020,table,QLD_CW_ST0203,5075.28
19082020,table,QLD_CW_ST0203,5479.866
20082020,table,QLD_CW_ST0203,5507.796
21082020,table,QLD_CW_ST0203,5447.6268
22082020,table,QLD_CW_ST0203,5626.8576
23082020,table,QLD_CW_ST0203,5323.2984
24082020,table,QLD_CW_ST0203,6435.072
25082020,table,QLD_CW_ST0203,6394.8395
26082020,table,QLD_CW_ST0203,6542.665382
27082020,table,QLD_CW_ST0203,6148.7895
28082020,table,QLD_CW_ST0203,5079.1104
29082020,table,QLD_CW_ST0203,6438.4236
30082020,table,QLD_CW_ST0203,5589.192
31082020,table,QLD_CW_ST0203,5416.1856
1092020,table,QLD_CW_ST0203,6672.876
2092020,table,QLD_CW_ST0203,5828.9245
3092020,table,QLD_CW_ST0203,5567.4864
4092020,table,QLD_CW_ST0203,6543.127435
5092020,table,QLD_CW_ST0203,6442.7328
6092020,table,QLD_CW_ST0203,5077.674
7092020,table,QLD_CW_ST0203,6218.947
8092020,table,QLD_CW_ST0203,6326.330455
9092020,table,QLD_CW_ST0203,6202.2688
10092020,table,QLD_CW_ST0203,5757.57
11092020,table,QLD_CW_ST0203,6279.196
12092020,table,QLD_CW_ST0203,5413.8448
13092020,table,QLD_CW_ST0203,5155.5854
14092020,table,QLD_CW_ST0203,5550.09
15092020,table,QLD_CW_ST0203,6368.04
16092020,table,QLD_CW_ST0203,6212.9886
17092020,table,QLD_CW_ST0203,5228.496
18092020,table,QLD_CW_ST0203,6222.1124
19092020,table,QLD_CW_ST0203,6002.6358
20092020,table,QLD_CW_ST0203,6191.948
21092020,table,QLD_CW_ST0203,6678.7812
22092020,table,QLD_CW_ST0203,5686.7076
23092020,table,QLD_CW_ST0203,6082.9944
24092020,table,QLD_CW_ST0203,5761.56
25092020,table,QLD_CW_ST0203,6362.618069
26092020,table,QLD_CW_ST0203,6497.011536
27092020,table,QLD_CW_ST0203,5787.096
28092020,table,QLD_CW_ST0203,2788.5312
29092020,table,QLD_CW_ST0203,6123.307126
30092020,table,QLD_CW_ST0203,5421.361066
1102020,table,QLD_CW_ST0203,5119.3163
2102020,table,QLD_CW_ST0203,5515.9356
3102020,table,QLD_CW_ST0203,6451.431
4102020,table,QLD_CW_ST0203,5465.901
5102020,table,QLD_CW_ST0203,6222.205899
6102020,table,QLD_CW_ST0203,5869.231427
7102020,table,QLD_CW_ST0203,7098.4095
8102020,table,QLD_CW_ST0203,5557.393296
9102020,table,QLD_CW_ST0203,6722.352
10102020,table,QLD_CW_ST0203,6235.725854
11102020,table,QLD_CW_ST0203,6450.087567
12102020,table,QLD_CW_ST0203,5651.032052
13102020,table,QLD_CW_ST0203,5590.222165
14102020,table,QLD_CW_ST0203,6283.375392
15102020,table,QLD_CW_ST0203,6160.212072
16102020,table,QLD_CW_ST0203,2409.681498
17102020,table,QLD_CW_ST0203,2510.507645
18102020,table,QLD_CW_ST0203,2511.141772
19102020,table,QLD_CW_ST0203,2633.6128
20102020,table,QLD_CW_ST0203,2810.8752
21102020,table,QLD_CW_ST0203,5972.189227
22102020,table,QLD_CW_ST0203,6378.68
23102020,table,QLD_CW_ST0203,2421.9832
24102020,table,QLD_CW_ST0203,3111.003
25102020,table,QLD_CW_ST0203,2871.496228
26102020,table,QLD_CW_ST0203,3190.7232
27102020,table,QLD_CW_ST0203,2539.5552
28102020,table,QLD_CW_ST0203,2714.466893
29102020,table,QLD_CW_ST0203,5958.365186
30102020,table,QLD_CW_ST0203,6144.0015
31102020,table,QLD_CW_ST0203,7469.28
1112020,table,QLD_CW_ST0203,6852.16
2112020,table,QLD_CW_ST0203,2784.8737
3112020,table,QLD_CW_ST0203,2762.144
4112020,table,QLD_CW_ST0203,3165.1074
5112020,table,QLD_CW_ST0203,2417.94
6112020,table,QLD_CW_ST0203,3566.1024
7112020,table,QLD_CW_ST0203,3640.21
8112020,table,QLD_CW_ST0203,2885.568
9112020,table,QLD_CW_ST0203,7407.036
10112020,table,QLD_CW_ST0203,5978.5362
11112020,table,QLD_CW_ST0203,2740.0128
12112020,table,QLD_CW_ST0203,2434.432
13112020,table,QLD_CW_ST0203,2962.8144
14112020,table,QLD_CW_ST0203,2737.0336
15112020,table,QLD_CW_ST0203,3188.808
16112020,table,QLD_CW_ST0203,2714.796
17112020,table,QLD_CW_ST0203,2406.06709
18112020,table,QLD_CW_ST0203,2589.3504
19112020,table,QLD_CW_ST0203,2435.496
20112020,table,QLD_CW_ST0203,2665.9584
21112020,table,QLD_CW_ST0203,3281.093189
22112020,table,QLD_CW_ST0203,2696.377075
23112020,table,QLD_CW_ST0203,2577.7927
24112020,table,QLD_CW_ST0203,3019.7916
25112020,table,QLD_CW_ST0203,3056.6592
26112020,table,QLD_CW_ST0203,2678.62
27112020,table,QLD_CW_ST0203,2823.749515
28112020,table,QLD_CW_ST0203,3388.253809
29112020,table,QLD_CW_ST0203,3501.0255
30112020,table,QLD_CW_ST0203,3050.9136
1122020,table,QLD_CW_ST0203,2918.685
2122020,table,QLD_CW_ST0203,2933.7672
3122020,table,QLD_CW_ST0203,3622.8003
4122020,table,QLD_CW_ST0203,2629.794397
5122020,table,QLD_CW_ST0203,2463.129955
6122020,table,QLD_CW_ST0203,2684.2592
7122020,table,QLD_CW_ST0203,2741.2896
8122020,table,QLD_CW_ST0203,3029.8464
9122020,table,QLD_CW_ST0203,2603.3154
10122020,table,QLD_CW_ST0203,2997.0486
11122020,table,QLD_CW_ST0203,2921.6376
12122020,table,QLD_CW_ST0203,3167.5945
13122020,table,QLD_CW_ST0203,3167.5945
14122020,table,QLD_CW_ST0203,3383.354511
15122020,table,QLD_CW_ST0203,2714.591329
16122020,table,QLD_CW_ST0203,2585.035107
